"id","agcy_agencies_id","title","tags","created_at","created_by_agency_member_id","updated_at","updated_by_agency_member_id","deleted_at","deleted_by_agency_member_id"
1,1,"วัดป่าวังน้ำเย็น ที่เที่ยวมหาสารคาม จุดเช็คอิน วัดดัง สายบุญต้องห้ามพลาด","มหาสารคราม,ที่เที่ยวมหาสารคราม","2021-01-28 07:35:28",1,"2021-01-28 07:41:10",1,NULL,NULL
2,1,"สักการะ อนุสาวรีย์พระนางจามเทวี ปฐมกษัตริย์ แห่ง นครหริภุญไชย ณ เมืองลําพูน","อนุสาวรีย์พระนางจามเทวี,ที่เที่ยวลำพูน","2021-01-28 07:43:07",1,"2021-01-28 07:43:07",1,NULL,NULL
3,1,"ขอพรความรัก 9 ที่ขอแฟน ในกรุงเทพ พิกัด ขอคู่ สละโสด สละคาน งานนี้ไม่มีนก !","","2021-01-28 07:44:29",1,"2021-01-28 07:44:45",1,NULL,NULL
4,1,"11 จุดเช็คอิน วันเที่ยว ตรุษจีน 2564 ชวนครอบครัวออกไปชิล ทั้งในและใกล้กรุงเทพ","ตรุษจีน,ตรุษจีน 2564,Chinese New Year","2021-01-28 07:48:58",1,"2021-02-22 09:51:05",272,NULL,NULL
6,1,"วัดพระแท่นศิลาอาสน์ ที่เที่ยวอุตรดิตถ์ โบราณสถาน คู่เมืองลับแล","วัดพระแท่นศิลาอาสน์,ที่เที่ยวอุตรดิตถ์,โบราณสถาน","2021-01-28 07:55:01",1,"2021-01-28 07:55:01",1,NULL,NULL
7,1,"ดอยธง ที่เที่ยวปาย ชมทะเลหมอกสวยรอบเขา 360 องศา เคล้าอากาศหนาวเย็นจับใจ","","2021-01-28 08:02:32",1,"2021-02-02 02:37:19",1,NULL,NULL
8,38,"วัดร่องเสือเต้น หรือ วัดสีน้ำเงิน ศรัทธา สืบสาน สีน้ำเงิน","เที่ยวไทย,เที่ยวเชียงราย,ทัวร์เชียงราย,วัดร่องเสือเต้น,วัดสีน้ำเงิน,เชียงราย,เที่ยวเหนือ","2021-01-29 02:52:13",111,"2021-01-29 02:55:51",111,NULL,NULL
9,91,"เมืองโทเลโด ประเทศสเปน","TOLEDO,ยุโรป,tour,travel,สเปน","2021-02-01 03:02:41",328,"2021-02-01 03:02:41",328,NULL,NULL
10,1,"ปารีสเตรียมปรับโฉม ถนนฌ็องเซลิเซ่ เพิ่มสีเขียวลดมลพิษ คาดแล้วเสร็จ 2030","ปารีส,ฝรั่งเศส","2021-02-02 03:04:05",1,"2021-02-02 03:04:05",1,NULL,NULL
11,32,"ไหว้ไอ้ไข่ยังให้ร่ำรวยสมหวังสมปารถนาแบบสุดปัง","","2021-02-04 09:29:22",146,"2021-02-04 09:52:44",146,NULL,NULL
12,32,"ทุ่งดอกไม้ จ.เชียงใหม่ I Love Flower Farm","","2021-02-04 09:49:03",146,"2021-02-04 09:55:15",146,NULL,NULL
13,32,"10 ที่เที่ยวคาเฟ่ สไตล์ธรรมชาติ","","2021-02-05 10:28:33",146,"2021-02-08 09:11:55",146,NULL,NULL
14,32,"2 สกายวอคสุดชิคที่ใกล้กรุงเทพ","","2021-02-08 04:57:13",146,"2021-02-08 04:57:13",146,NULL,NULL
15,32,"สุดว้าวว ที่พักสวนน้ำห้ามพลาด ","","2021-02-09 02:34:42",146,"2021-02-09 02:34:42",146,NULL,NULL
16,32,"2 สวนสัตว์ที่ไม่ควรพลาด","","2021-02-11 06:25:14",146,"2021-02-11 06:25:14",146,NULL,NULL
17,32,"5 วัดดังห้ามพลาด !! #เชียงใหม่ (ควรไปเคารพสักการะบูชาเพื่อความเป็นสิริมงคล)","","2021-02-11 07:57:27",146,"2021-02-11 07:57:27",146,NULL,NULL
18,95,"ไปกัน ..เลย กับ6จุดเช็คอินสุดฮิต","ทัวร์เลย,อุทยานภูเรือ,อุทยานภูกระดึง,ภูบักได,ภูป่าเปาะ,ภูจิเมืองเลย,เที่ยวเลย,ทัวร์เลย2564/2021,ทัวร์ในประเทศ,ทัวร์ภาคอีสาน,ทัวร์เลยราคาถูก2564","2021-02-15 07:32:49",316,"2021-02-15 09:46:27",316,NULL,NULL
19,33,"Wonderful Experience with Faith Travel","","2021-02-16 07:31:07",134,"2021-02-16 07:31:07",134,NULL,NULL
20,33,"ปั่นฝ่าฝน @Sun Moon Lake ไต้หวัน","","2021-02-16 07:55:17",134,"2021-02-16 07:55:17",134,NULL,NULL
21,33,"เที่ยวเซบู (1) : เที่ยวเกาะเซบู ดำน้ำดูฉลามวาฬ","","2021-02-16 08:38:59",134,"2021-02-16 08:38:59",134,NULL,NULL
22,33,"เที่ยวเซบู (2) : ปีนฝ่าสายน้ำ @Aguinid Falls","","2021-02-16 08:49:01",134,"2021-02-16 08:49:01",134,NULL,NULL
23,95,"6 สถานที่ต้องไปเยือน จ.อุดรธานี ","","2021-02-22 03:25:26",316,"2021-02-22 09:24:08",316,"2021-02-22 09:24:08",316
24,95,"6 สถานที่ต้องไป จ.อุดรธานี","","2021-02-22 09:24:40",316,"2021-02-22 09:24:40",316,NULL,NULL
25,95,"เที่ยว 2 เกาะ อำเภอสัตหีบ","อำเภอสัตหีบ,เกาะขาม,เกาะแสมสาร,Koh Kham,Koh Samaesarn,เที่ยวเกาะ,ทัวร์ชลบุรี,เที่ยวชลบุรี,ทัวร์ชลบุรี2564/2021,ทัวร์สัตหีบ,เที่ยวพัทยา,ทัวร์พัทยา","2021-03-03 07:38:56",338,"2021-03-03 07:38:56",338,NULL,NULL
26,91,"วัดพระธาตุลำปางหลวง จ.ลำปาง","ลำปาง,ภาคเหนือ,รถม้า,ไหว้พระธาตุ,ขอพร,ปีฉลู,ประจำปีเกิด","2021-03-06 08:14:45",328,"2021-03-06 08:14:45",328,NULL,NULL
27,91,"อุทยานแห่งชาติอ่าวพังงา","อ่าวพังงา,เขาตะปู,ทะเลใต้,ล่องเรือ","2021-03-09 05:34:01",328,"2021-03-09 05:34:01",328,NULL,NULL
28,75,"5 ที่เที่ยว SlowLife เชียงคาน หลงรักเลย ","ทัวร์เลย,เที่ยวเลย,รีวิวเลย,เชียงคาน,วัดเนรมิตวิปัสสนา,แพคเกจเชียงคาน,ทัวร์เที่ยวไทย,Thailandamazingยิ่งกว่าเดิม,แพคเกจเลย,ที่พักเชียงคาน,ตั๋วเครื่องบินราคาถูก,รีวิวเชียงคาน","2021-03-15 06:29:24",263,"2021-04-23 03:57:02",263,NULL,NULL
30,91,"10 เรื่องน่าทึ่งเกี่ยวกับสิงคโปร์ที่คุณยังไม่เคยรู้","สิงคโปร์,Singapore,เที่ยว,travel,เมืองสิงโต,เมอร์ไลออน","2021-03-21 14:42:11",328,"2021-03-21 15:01:45",328,NULL,NULL
31,91,"ราชอาณาจักรสเปน (Kingdom of Spain หรือ Reino de España ในภาษาสเปน) ","","2021-03-21 15:31:26",328,"2021-03-21 15:31:26",328,NULL,NULL
32,91,"ปราก เมืองที่มีตึกสูงนับร้อยแห่ง ได้ดึงดูดนักท่องเที่ยวมานานหลายศตวรรษ","","2021-03-21 16:04:25",328,"2021-03-21 16:04:25",328,NULL,NULL
33,111,"จังหวัดกระบี่","เกาะไก่,เกาะไหง,เกาะรอก,เกาะปอดะ,เกาะพีพีดอน,หมู่เกาะพีพี,กระบี่,น้ำตกร้อนคลองท่อม","2021-03-22 03:50:31",371,"2021-08-24 09:03:56",370,NULL,NULL
34,108,"TEST บทความ","","2021-03-25 04:25:41",361,"2021-03-25 04:25:41",361,NULL,NULL
35,91,"5 แลนด์มาร์ค สุดยอดที่เที่ยวรัสเซีย ถ้าไม่ได้ไปเยือน ต้องเสียใจแน่นอน","","2021-03-25 12:48:46",328,"2021-03-25 13:06:03",328,NULL,NULL
36,105,"ทุ่งดอกลาเวนเดอร์ เที่ยวฮอกไกโด ทัวร์ฮอกไกโด  เทศกาลแห่งทุ่งดอกไม้ ในฝัน สีสันแห่งฤดูร้อนในฮอกไกโด","ทุ่งดอกลาเวนเดอร์,เที่ยวฮอกไกโด,ทัวร์ฮอกไกโด,เทศกาลแห่งทุ่งดอกไม้,เทศกาลชมทุ่งดอกลาเวนเดอร์,ช่วงฤดูที่น่าท่องเที่ยวทุ่งฮอกไกโดมากที่สุด,กรกฎาคมเป็นช่วงที่ดอกไม้บานสะพรั่งเต็มที่,ฮอกไกโดดอกลาเวนเดอร์บานสะพรั่ง,ลาเวนเดอร์,เกาะฮอกไกโด,เที่ยวฮอกไกโดกับทีมทราเวล,จุด Check in ที่ฮอกไกโด","2021-03-26 14:33:47",351,"2021-03-26 14:39:14",351,NULL,NULL
37,105,"โอตารุ คลองโอตารุ ฮอกไกโด","","2021-03-26 14:48:56",351,"2021-03-26 14:48:56",351,NULL,NULL
38,91,"ซานโตรินี Santorini กรีซ สถานที่ท่องเที่ยว  ในฝันของใครหลายๆคน","","2021-03-27 12:54:08",328,"2021-03-27 12:58:43",328,NULL,NULL
39,111,"จังหวัดกาญจนบุรี","วัดถ้ำเสือ,กาญจนบุรี,สะพานข้ามแม่น้ำแคว,พระพุทธรูปปรางค์ประธานพร,ที่เที่ยวเมืองกาญ,ต้นจามจุรียักษ์","2021-03-29 04:49:05",370,"2021-08-24 09:00:54",370,NULL,NULL
40,91,"15 เรื่องน่ารู้ของ ซิดนีย์ โอเปร่า เฮาส์","ซิดนีย์,ออสเตรเลีย,โอเปร่า,OperaHouse","2021-04-01 11:49:24",328,"2021-04-01 11:49:24",328,NULL,NULL
41,124,"8 ปราสาทที่ยิ่งใหญ่ในญี่ปุ่น  (8 Great Castles in Japan) ","ปราสาทฮิเมจิ,ปราสาทนาโงย่า,ปราสาทคุมาโมโตะ,ปราสาทโอซาก้า,ปราสาทมัตสึโมโตะ,ปราสาทโอกายามะ,ปราสาทคาราสึ,ปราสาทฮิโกเนะ,ปราสาทญี่ปุ่น,ประเทศญี่ปุ่น","2021-04-07 08:37:36",402,"2021-04-07 08:42:04",402,NULL,NULL
42,19,"6 สถานที่ชม ซากุระ ญี่ปุ่น","","2021-04-14 03:30:24",197,"2021-04-14 03:30:24",197,NULL,NULL
43,19,"เตรียมตัว ขอวีซ่าไอซ์แลนด์","","2021-04-14 04:03:54",197,"2021-04-14 04:03:54",197,NULL,NULL
44,19,"10 ออนเซ็นในโตเกียว แช่ได้ไม่ต้องไปต่างจังหวัด","โตเกียว,SPA LA QUA,Tokyo Somei Onsen Sakura,Toshimaen Niwa No Yu,Nagomi no Yu,Oedo Onsen Monogatari Hot Springs,โรงแรมดอร์มี อินน์ โตเกียว-ฮัทโจโบริ,โรงแรมชินซันโซ โตเกียว,โรงแรม เดอะ พรินซ์ พาร์ค ทาวเวอร์ โตเกียว,โรงแรมเอพีเอ อาซาคุสะ-คุรามาเอะ,Edogawabashi,Akabanebashi","2021-04-14 04:12:52",197,"2021-08-20 03:24:05",197,NULL,NULL
45,5,"ปักหมุด 20 ที่เที่ยวกระบี่จุดเช็คอินสุดฮิตของคนรักทะเล!","เที่ยวกระบี่,แหล่งท่องเที่ยวกระบี่,จุดชมวิวกระบี่,เที่ยวทะเล,ทะเลสวยเมืองกระบี่","2021-04-20 03:05:28",151,"2021-06-08 10:30:53",151,NULL,NULL
46,75,"รีวิวคุณลูกค้า กรุ๊ปชีพจรลงsouth ทัวร์ระนอง ชุมพร ประจวบคีรีขันธ์ วันที่ 3-6 April'21","ทัวร์ระนอง,เที่ยวภาคใต้,ดำน้ำดูปะการัง,กินลมห่มทราย,บ่อน้ำพุร้อนออนเซน,Thailandamazingยิ่งกว่าเดิม,แพคเกจเที่ยวไทย,jubileetravelthai,ทัวร์ชุมพร,ทัวร์ประจวบคีรีขันธ์,ทัวร์เที่ยวไทย","2021-04-20 03:21:33",265,"2021-04-20 04:02:38",263,NULL,NULL
47,5,"20 ที่เที่ยวระยองฮิ มาเที่ยวระยองมาลองตกหลุมรัก!","ที่เที่ยวระยอง,แหล่งท่องเที่ยวระยอง,จุดชมวิวระยอง,เที่ยวทะเลระยอง,เที่ยวทะเลใกล้กรุงเทพมหานคร","2021-04-20 03:35:12",151,"2021-06-08 10:29:29",151,NULL,NULL
48,5,"20 ที่เที่ยวตราด เที่ยวครบ ๆ ทะเล ภูเขา และวัฒนธรรม!","ที่เที่ยวตราด,แหล่งท่องเที่ยวตราด,จุดชมวิวตราด,เที่ยวทะเลตราด,เที่ยวหน้าร้อน,เที่ยวทะเลในไทย","2021-04-20 04:15:21",151,"2021-06-08 10:24:39",151,NULL,NULL
49,5,"20 ที่เที่ยวชุมพรประตูสู่ภาคใต้มีอะไรดีกว่าที่คิด!","เที่ยวชุมพร,ที่ท่องเที่ยวชุมพร,จุดชมวิวชุมพร,แหล่งท่องเที่ยวชุมพร,เที่ยวทะเลชุมพร,ประตูสู่ภาคใต้ชุมพร","2021-04-21 02:54:26",151,"2021-06-08 10:20:58",151,NULL,NULL
50,5,"10 จุดเช็คอินเที่ยว ตรัง ไม่ได้มีดีแค่ทะเล","เที่ยวตรัง,ที่ท่องเที่ยวตรัง,จุดชมวิวตรัง,เที่ยวทะเลตรัง,แหล่งท่องเที่ยวตรัง,เที่ยวในประเทศ","2021-04-21 03:09:54",151,"2021-06-08 10:18:22",151,NULL,NULL
51,5,"20 ที่เที่ยว ชลบุรี เที่ยวเมื่อไหร่ก็ยังฟิน!","ทีเที่ยวชลบุรี,แหล่งท่องเที่ยวชลบุรี,จุดเช็คอินชลบุรี,จุดชมวิวชลบุรี,แหล่งท่องเที่ยวใกล้กรุงเทพมหานคร","2021-04-21 04:06:23",151,"2021-06-08 10:13:58",151,NULL,NULL
52,75,"15 ที่เที่ยวน่าน","","2021-04-21 04:54:48",265,"2021-04-21 05:03:39",265,"2021-04-21 05:03:39",265
53,75,"11 ที่เที่ยว สุโขทัย ตะลอนกินเที่ยวทั้งวัน กับนู๋JUB","ทัวร์สุโขทัย,เที่ยวสุโขทัย,รีวิวสุโขทัย,สุโขทัย,แพคเกจสุโขทัย,ทัวร์เที่ยวไทย,Thailandamazingยิ่งกว่าเดิม,ตั๋วเครื่องบินราคาถูก","2021-04-21 10:15:02",263,"2021-04-23 05:42:01",263,NULL,NULL
54,59,"การเดินทางของเจ้าหัวโต .. Japan Nagoya # 1 ","","2021-04-21 10:24:57",195,"2021-04-22 09:30:57",195,NULL,NULL
55,59,"การเดินทางของเจ้าหัวโต .. Japan  Nagoya # 2 ","","2021-04-21 10:46:53",195,"2021-04-22 09:50:18",195,NULL,NULL
56,75," สุโขทัย รีวิว : วัดตระพังทอง วัดโบราณกลางสระน้ำ จังหวัดสุโขทัย","ทัวร์สุโขทัย,เที่ยวสุโขทัย,รีวิวสุโขทัย,วัดตระพังทอง,แพคเกจสุโขทัย,ทัวร์เที่ยวไทย,Thailandamazingยิ่งกว่าเดิม,แพคเกจวัดตระพังทอง,รีวิววัดตระพังทอง,ตั๋วเครื่องบินราคาถูก","2021-04-22 02:49:40",263,"2021-04-23 05:43:10",263,NULL,NULL
57,59,"การเดินทางของเจ้าหัวโต .. Japan Nagoya # 3 ","","2021-04-22 03:44:50",195,"2021-05-06 03:03:01",195,NULL,NULL
58,91,"มัลดีฟส์ เตรียมฉีดวัคซีนฟรีให้กับนักท่องเที่ยวต่างชาติ กระตุ้นการท่องเที่ยว","มัลดีฟส์,รีวิวมัลดีฟส์,ทะเล,เกาะมัลดีฟส์,วัคซีน,โควิด19,การท่องเที่ยว","2021-04-22 05:41:49",328,"2021-04-22 05:45:41",328,NULL,NULL
59,59,"การเดินทางของเจ้าหัวโต .. Japan Nagoya # 4 ","","2021-04-22 06:11:37",195,"2021-06-18 03:06:57",195,NULL,NULL
60,75,"นอนฟินริมโขง “เลย” รีวิว : แก่งคุดคู้ พัก เชียงคานฮิลล์ รีสอร์ท","ทัวร์เลย,เที่ยวเลย,แพคเกจเลย,ทัวร์เที่ยวไทย,เชียงคาน,ตั๋วเครื่องบินราคาถูก,Thalandamazingยิ่งกว่าเดิม,ที่พักเชียงคาร,รีวิวเลย,รีวิวเชียงคาน,แก่งคุดคู้,รีวิวแก่งคุ้ดคู้,แพคเกจเชียงคาน,แพคเกจแก่งคุ้ดคู้","2021-04-22 06:38:23",263,"2021-04-23 05:16:24",263,NULL,NULL
61,59,"การเดินทางของเจ้าหัวโต .. Japan Nagoya # 5 ","","2021-04-22 06:45:28",195,"2021-06-18 03:14:16",195,NULL,NULL
62,75,"นครสวรรค์ รีวิว : พาสาน แลนด์มาร์คแห่งใหม่","ทัวร์นครสวรรค์,เที่ยวนครสวรรค์,ทัวร์เที่ยวไทย,แพคเกจนครสวรรค์,พาสาน,รีวิวนครสวรรค์,รีวิวพาสาน,Thailandamazingยิ่งกว่าเดิม,ตั๋วเครื่องบินราคาถูก","2021-04-22 06:56:18",263,"2021-04-23 05:14:08",263,NULL,NULL
63,75," ห้ามไป!! Veranda Resort Pattaya ถ้ายังไม่ได้ดูรีวิวนี้.. เที่ยวพัทยา พักรีสอร์ทหรู","ทัวร์พัทยา,เที่ยวพัทยา,รีวิวพัทยา,พัทยา,แพคเกจพัทยา,ทัวร์เที่ยวไทย,Thailandamazingยิ่งกว่าเดิม,แพคเกจชลบุรี,ที่พักวีรันดา,รีวิวชลบุรี,ตั๋วเครื่องบินราคาถูก","2021-04-22 07:04:42",263,"2021-04-23 05:40:18",263,NULL,NULL
64,75,"นครนายก รีวิว : สวนพุทธชยันตี 2600 ปี","ทัวร์นครนายก,เที่ยวนครนายก,แพคเกจนครนายก,พุทธอุทยานมาฆบูชาอนุสรณ์,ทัวร์เที่ยวไทย,รีวิวนครนายก,Thailandamazingยิ่งกว่าเดิม,ตั๋วเครื่องบินราคาถูก,รีวิวพุทธอุทยานมาฆบูชาอนุสรณ์,รีวิวสวนพุทธชยันตี 2600 ปี,สวนพุทธชยันตี 2600 ปี","2021-04-22 07:09:18",263,"2021-04-23 04:59:54",263,NULL,NULL
65,75,"โบสถ์สีน้ำเงิน วัดปากน้ำแขมหนู หรือ โบสถ์เซรามิกสีน้ำเงิน ที่ใครๆก็อยากมา จันทบุรี","ทัวร์จันทบุรี,เที่ยวจันทบุรี,แพคเกจจันทบุรี,ทัวร์เที่ยวไทย,วัดปากน้ำแขมหนู,รีวิวจันทบุรี,รีวิววัดปากน้ำแขมหนู,ตั๋วเครื่องบินราคาถูก,Thailandamzingยิ่งกว่าเดิม,แพคเกจวัดปากน้ำแขมหนู","2021-04-22 07:20:30",263,"2021-04-23 05:06:52",263,NULL,NULL
66,75,"แพคเกจมัลดีฟส์ สุดปังปุริเย่ : รีวิว Club Med Kani","เที่ยวมัลดีฟส์,ทัวร์มัลดีฟส์,รีวิวมัลดีฟส์,clubmedkani,จูบิลี่แทรเวิล","2021-04-22 08:58:51",265,"2021-04-23 04:40:51",265,NULL,NULL
67,75,"แพคเกจคลับเมดบาหลี สุดปัง!! : รีวิว Club Med Bali","เที่ยวบาหลี,ทัวร์บาหลี,อินโดนีเซีย,เที่ยวต่างประเทศ,ทัวร์ต่างประเทศ,จูบิลี่แทรเวิล","2021-04-22 10:26:56",265,"2021-04-23 04:48:22",265,NULL,NULL
68,5,"20 จุดเช็คอิน จันทบุรี ไปกี่ที ก็ หลงรัก","เที่ยวจันทบุรี,ที่เที่ยวจันทบุรี,แหล่งท่องเที่ยวจันทบุรี,จุดเช็คอินจันทบุรี,จุดชมวิวจันทบุรี,ที่เที่ยวใกล้กรุงเทพมหานคร","2021-04-23 03:16:09",151,"2021-06-08 09:56:44",151,NULL,NULL
69,5,"15 ที่เที่ยวอุตรดิตถ์ เมืองแห่งขุนเขา ตำนาน และทุเรียนรสเด็ด!","ที่เที่ยวอุตรดิตถ์,แหล่งท่องเที่ยวอุตรดิตถ์,เที่ยวอุตรดิตถ์,จุดเช็คอินอุตรดิตถ์,จุดชมวิวอุตรดิตถ์,แหล่งท่องเที่ยวธรรมชาติและวัฒนธรรม","2021-04-23 03:27:56",151,"2021-06-08 09:55:00",151,NULL,NULL
70,5,"รวม 20 ที่เที่ยวลำพูน ชมธรรมชาติ สัมผัสวิถีชีวิตชุมชน","ที่เที่ยวลำพูน,แหล่งท่องเที่ยวลำพูน,จุดชมวิวลำพูน,แหล่งท่องเที่ยวเชิงธรรมชาติและวัฒนธรรม,เที่ยวลำพูน","2021-04-23 03:37:55",151,"2021-06-08 09:48:59",151,NULL,NULL
71,5,"30 ที่เที่ยวลำปาง ไปเที่ยวกันเต๊อะมันดีต่อใจ!","ที่เที่ยวลำปาง,แหล่งท่องเที่ยวลำปาง,จุดชมวิวลำปาง,จุดเช็คอินลำปาง,ที่เที่ยวสวยในลำปาง","2021-04-23 04:13:44",151,"2021-06-08 09:44:38",151,NULL,NULL
72,5,"20 ที่เที่ยวแม่ฮ่องสอน สายต่อนยอนต้องมาเช็คอิน!","ที่เที่ยวแม่ฮ่องสอน,จุดเช็คอินแม่ฮ่องสอน,ดินแดนแห่งเมืองสามหมอก,แหล่งท่องเที่ยวธรรมชาติ,จุดชมวิวแม่ฮ่องสอน","2021-04-23 04:55:10",151,"2021-06-08 09:38:23",151,NULL,NULL
73,5,"10 จุดเช็คอิน แพร่ เที่ยวเมืองรอง รับรองจะติดใจ","จุดเช็คอินแพร่,เที่ยวแพร่,เวียงโกศัย,เที่ยวเมืองรอง,จุดชมวิวแพร่","2021-04-23 05:01:24",151,"2021-06-08 09:31:36",151,NULL,NULL
74,75,"แพคเกจคลับเมดบาหลี สุดปัง!! : รีวิว Club Med Bali","","2021-04-23 05:47:42",265,"2021-04-23 05:47:42",265,NULL,NULL
75,75,"แพคเกจคลับเมดฮอกไกโด สุดปัง!! : รีวิว Club Med Tomamu","","2021-04-23 06:07:57",265,"2021-04-23 06:07:57",265,NULL,NULL
76,5,"อัปเดต 10 สุดยอดที่เที่ยวเบตงเมืองต้องห้ามพลาด!","เที่ยวเบตง,ที่เที่ยวเบตง,เมืองเบตง,เที่ยวภาคใต้,ที่เที่ยวปลายด้ามขวานไทย","2021-04-23 06:09:37",151,"2021-06-08 17:56:41",150,NULL,NULL
77,5,"รวม 20 ที่เที่ยวพะเยา จุดเช็คอินสวยๆ ที่ห้ามพลาด!","ที่เที่ยวพะเยา,แหล่งท่องเที่ยวจังหวัดพะเยา,จุดชมวิวพะเยา,จุดเช็คอินสวยพะเยา,เที่ยวเมืองพะเยา","2021-04-23 06:24:00",151,"2021-06-08 08:34:32",151,NULL,NULL
78,5,"แจกพิกัดที่เที่ยวเชียงใหม่ แอ่วเหนือ ม่วนใจ วิถีไทยล้านนา","พิกัดที่เที่ยวเชียงใหม่,เที่ยวเชียงใหม่,แหล่งท่องเที่ยวในเชียงใหม่,จุดชมวิวเมืองเชียงใหม่,จุดเช็คอินเชียงใหม่,แอ่วเหนือ,เที่ยวไทยล้านนา","2021-04-23 06:38:24",151,"2021-06-08 08:29:50",151,NULL,NULL
79,5,"แจกพิกัด 30 ที่เที่ยวเชียงราย","เที่ยวเชียงราย,ทีเที่ยวเชียงราย,แหล่งท่องเที่ยวเชียงราย,จุดชมวิวเชียงราย,ที่เที่ยวน่าไปเชียงราย,แหล่งท่องเที่ยวตามธรรมชาติเชียงราย","2021-04-23 06:51:42",151,"2021-06-08 08:24:13",151,NULL,NULL
80,5,"รวมสถานที่ท่องเที่ยวในอียิปต์","อียิปต์,เที่ยวอียิปต์,แหล่งท่องเที่ยวอียิปต์,อารยธรรมอียิปต์,พิระมิด,สฟิงซ์,มหาวิหารลักซอร์,โบราณสถานอียิปต์,แม่น้ำไนล์,แหล่งท่องเที่ยวในอียิปต์","2021-04-23 07:03:37",151,"2021-06-08 08:04:20",151,NULL,NULL
81,75,"เที่ยวภูเก็ต กับรีสอร์ทคลับเมดไทยๆ : รีวิว Club Med Phuket","","2021-04-23 07:41:32",265,"2021-04-23 07:41:32",265,NULL,NULL
82,75,"แพคเกจมัลดีฟส์ สุดปังปุริเย่ : รีวิว Club Med Finolhu","","2021-04-23 07:50:54",265,"2021-04-23 07:50:54",265,NULL,NULL
83,75," โชว์โลมา ที่เที่ยวใหม่...พัทยา : รีวิว Pattaya Dolphinarium","ทัวร์พัทยา,เที่ยวพัทยา,รีวิวพัทยา,พัทยา,แพคเกจพัทยา,ทัวร์เที่ยวไทย,Thailandamazingยิ่งกว่าเดิม,แพคเกจชลบุรี,ตั๋วเครื่องบินราคาถูก,รีวิวชลบุรี","2021-04-23 07:53:20",263,"2021-04-23 08:46:19",263,NULL,NULL
84,75," ล่องเรือเมริเดียน ครูซ ดินเนอร์หรู ชมวิวเจ้าพระยา : รีวิว เรือ Meridien Cruise","ทัวร์กรุงเทพ,เที่ยวกรุงเทพ,รีวิวกรุงเทพ,ล่องเรือ,แพคเกจกรุงเทพ,ทัวร์เที่ยวไทย,Thailandamazingยิ่งกว่าเดิม,ตั๋วเรือราคาถูก","2021-04-23 07:53:28",263,"2021-04-23 09:55:07",263,NULL,NULL
85,75," ที่นี่...น่าน : รีวิว วัดสวนตาล","ทัวร์น่าน,เที่ยวน่าน,รีวิวน่าน,น่าน,วัดสวนตาล,แพคเกจน่าน,ทัวร์เที่ยวไทย,Thailandamazingยิ่งกว่าเดิม,ตั๋วเครื่องบินราคาถูก,รีวิววัดสวนตาล","2021-04-23 07:53:39",263,"2021-04-26 00:52:53",263,NULL,NULL
86,75," เที่ยวน่านสิ : รีวิว วัดมิ่งเมือง","ทัวร์น่าน,เที่ยวน่าน,รีวิวน่าน,วัดมิ่งเมือง,แพคเกจน่าน,ทัวร์เที่ยวไทย,Thailandamazingยิ่งกว่าเดิม,ตั๋วเครื่องบินราคาถูก,รีวิววัดมิ่งเมือง","2021-04-23 07:58:14",263,"2021-04-23 10:30:06",263,NULL,NULL
87,75,"พักปอด กอดเขา : รีวิว ร้านกาแฟ เดอะวิว กิ่วม่วง ที่นี่น่าน","ทวัร์น่าน,เที่ยวน่าน,แพคเกจน่าน,ร้านกาแฟเดอะวิว กิ่วม่วง,กิ่วม่วง,รีวิวน่าน,รีวิวกิ่วม่วง,Thailandamazingยิ่งกว่าเดิม,ตั๋วเครื่องบินราคาถูฏ","2021-04-23 07:59:07",263,"2021-04-23 09:36:58",263,NULL,NULL
88,75,"น่านไง!..บอกแล้วว่าชิล! : รีวิว ร้านกาแฟ บ้านไทลื้อ","ทัวร์น่าน,เที่ยวน่าน,แพคเกจน่าน,รีวิวน่าน,ร้านกาแฟบ้านไทลื้้อ,รีวิวร้านกาแฟบ้านไทลื้อ,ตั๋วเครื่องบินราคาถูก,Thailandamazingยิ่,กว่าเดิม","2021-04-23 08:00:34",263,"2021-04-26 02:35:27",263,NULL,NULL
89,75,"น่าน..น่าเที่ยว : รีวิว ซุ้มลีลาวดี พิพิธภัณฑสถานเเห่งชาติ","ทัวร์น่าน,เที่ยวน่าน,แพคเกจน่าน,รีวิวน่าน,ซุ้มลีลาวดี,รีวิวซุ้มลีลาวดี,ตั๋วเครื่องบินราคาถูก,Thailandamazingยิ่งกว่าเดิม,ทัวร์เที่ยวไทย","2021-04-23 08:01:35",263,"2021-05-29 10:01:47",263,NULL,NULL
90,75,"เที่ยวน่านไง : รีวิว พระธาตุแช่แห้ง","ทัวร์น่าน,เที่ยวน่าน,แพคเกจน่าน,พระธาตุแช่แห้ง,รีวิวน่าน,รีวิวพระธาตุแช่แห้ง,ตั๋วเครื่องบินราคาถูก,Thailandamazingยิ่งกว่าเดิม,ทัวร์เที่ยวไทย","2021-04-23 08:02:39",263,"2021-05-29 09:39:14",263,NULL,NULL
91,5,"20 จุดเช็คอิน เที่ยวนครศรีธรรมราช ที่เที่ยวสวย ถ่ายรูปปัง!","เที่ยวนครศรีธรรมราช,ที่เที่ยวนครศรีธรรมราช,จุดชมวิวนครศรีธรรมราช,แหล่งท่องเที่ยวภาคใต้,ที่เที่ยวสวยนครศรีธรรมราช","2021-04-29 03:12:37",151,"2021-06-08 07:57:19",151,NULL,NULL
92,5,"20 พิกัดน่าเที่ยวในฮ่องกงไปเมื่อไหร่ก็ยังฟิน","ฮ่องกง,เที่ยวฮ่องกง,แหล่งท่องเที่ยวในฮ่องกง,จุดชมวิวในฮ่องกง,แหล่งท่องเที่ยวน่าไปในฮ่องกง,ที่เที่ยวในฮ่องกง","2021-04-29 03:40:47",151,"2021-06-08 07:53:57",151,NULL,NULL
93,5,"10 สวนสัตว์ทั่วไทยที่น่าไปเช็คอิน!","สวนสัตว์ทั่วไทย,เที่ยวสวนสัตว์,แหล่งท่องเที่ยวสวนสัตว์,รวมสวนสัตว์ในไทย,เที่ยวธรรมชาติ","2021-04-29 05:03:29",151,"2021-06-08 07:49:35",151,NULL,NULL
94,116,"ไปเที่ยวกาญ..นะจ๊ะ #บุรี อีต่อง ปิล๊อก สังขละ #KANJANABURI","","2021-04-29 10:23:31",381,"2021-04-29 10:23:31",381,NULL,NULL
95,5,"รวมสถานที่แห่งเทพนิยาย ที่คนไม่ค่อยรู้แต่สวยมาก!","รวมสถานที่แห่งเทพนิยาย,สถานที่เที่ยวในเทพนิยาย,แหล่งท่องเที่ยวสถาปัตกรรม,ที่เที่ยวที่สวยที่สุดในโลก,แหล่งท่องเที่ยวในเมื่อง","2021-05-06 02:44:11",151,"2021-06-08 07:45:17",151,NULL,NULL
96,5,"10 โบราณสถานไทยที่หลายคนยังไม่รู้จัก!","สถานที่ท่องเที่ยวทรงคุณค่าทางประวัติศาสตร์,โบราณสถานไทย,แหล่งท่องเที่ยวเชิงประวัติศาสตร์,อุทยานประวัติศาสตร์,ที่เที่ยวอุทยาน","2021-05-06 02:55:10",151,"2021-06-08 07:39:31",151,NULL,NULL
97,5,"รวม10อันดับน้ำตกสวยที่สุดในไทย!","น้ำตกสวยในไทย,เที่ยวธรรมชาติ,น้ำตกในไทย,จุดชมวิว,รวมแหล่งท่องเที่ยวน้ำตกในไทย","2021-05-06 03:16:20",151,"2021-06-08 07:36:27",151,NULL,NULL
98,5,"10 จุดขึ้นกระเช้าลอยฟ้าในญี่ปุ่น","จุดขึ้นกระเช้าลอยฟ้าในญี่ปุ่น,ญี่ปุ่น,Japan,ที่เที่ยวในญี่ปุ่น,จุดชมวิวในญี่ปุ่น","2021-05-06 03:25:40",151,"2021-06-08 07:30:22",151,NULL,NULL
99,5,"10 พิกัดสวนดอกไม้ในเมืองไทย","ทุ่งดอกไม้,สวนดอกไม้,ที่เที่ยวธรรมชาติ,เที่ยวทุ่งดอกไม้,สวนดอกไม้ในไทย","2021-05-06 03:29:46",151,"2021-06-08 06:43:35",151,NULL,NULL
100,5,"รวม 50 สถานที่ท่องเที่ยวในไทย","เที่ยวไทย,เที่ยวทั่วไทย,ที่เที่ยวในประเทศ,สถานที่เที่ยวในไทย,แหล่งท่องเที่ยวในประเทศไทย","2021-05-06 03:49:29",151,"2021-06-08 06:17:33",151,NULL,NULL
101,5,"เสาดินนาน้อย สิ่งมหัศจรรย์ที่สร้างสรรค์โดยธรรมชาติ","เสาดินนาน้อย,น่าน,อุทยานแห่งชาติศรีน่าน,พิพิธภัณฑสถานแห่งชาติน่าน,ที่ท่องเที่ยวธรรมชาติ,ทัวร์เที่ยวไทย,ทัวร์ไทย,ทัวร์ในประเทศ,ภาคเหนือ","2021-05-06 03:55:13",151,"2021-06-15 15:48:56",150,NULL,NULL
102,20,"ขั้นตอนการทำพาสปอร์ต เอกสารที่ต้องเตรียม และสถานที่ทำ","","2021-05-09 10:02:04",231,"2021-05-09 10:02:04",231,NULL,NULL
103,1,"รวมร้านอาหารเนื้อที่คุณต้องลอง และริ้มรส ","","2021-05-12 07:41:35",272,"2021-05-12 07:41:35",272,NULL,NULL
105,24,"SCANDINAVIA : ALL for ONE","SCANDINAVIA,น้ำพุแห่งราชินีเกฟีออนเทียม,พระราชวังอามาเลียนบอร์ก,รูปปั้นทองแดงเงือกน้อย","2021-05-20 05:40:33",173,"2021-05-20 08:21:46",173,NULL,NULL
106,24,"BALTIC ","","2021-05-20 06:14:12",173,"2021-05-20 06:14:51",173,NULL,NULL
107,43,"ตะลอนทัวร์อิหร่านกับธาราอารยะ 25 ตุลาคม - 6 พฤศจิกายน 61 ตอนที่ 1","เที่ยวอิหร่าน,เที่ยวชีราส,เที่ยวอิสฟาฮานอิหร่าน,การท่องเที่ยวอิหร่าน,วีซ่าอิหร่าน,ตั๋วเครื่องบินอิหร่าน","2021-05-20 06:56:11",125,"2021-05-20 06:57:10",125,NULL,NULL
108,24,"SOUTH AFRICA","South Africa","2021-05-20 11:48:05",173,"2021-05-20 11:49:00",173,NULL,NULL
109,24,"KASHMIR , INDIA","Kashmir","2021-05-20 11:49:59",173,"2021-05-20 11:49:59",173,NULL,NULL
110,24,"NEW ZEALAND : A Dream Trip","New Zealand,นิวซีแลนด์,เกาะเหนือ,เกาะใต้","2021-05-21 04:54:55",173,"2021-05-21 04:54:55",173,NULL,NULL
111,9,"ไทยสมายล์แนะนำการเตรียมตัวก่อนเดินทาง  (THAI Smile’s Travel Tips)","เชียงใหม่,ภูเก็ต,กระบี่,สงขลา,อุดรธานี,อุบลราชธานี,เชียงราย,ไทยสมายล์,การเดินทาง,THAI Smile’s,Travel","2021-05-21 07:54:27",186,"2021-05-21 07:58:25",186,NULL,NULL
112,53,"10 ไอเท็มของไทยที่ต่างชาติหลงรักต้องซื้อกลับ","","2021-05-21 08:59:40",171,"2021-05-21 08:59:40",171,NULL,NULL
113,24,"NEPAL Once is not enough","Nepal,Kathmandu,Patan,Bhaktapur,Boudhanath,เที่ยวเนปาล,มรดกโลก,มหาเจดีย์โพธินาถ,กาฐมาณฑุ,ปาทัน,บัคตาปูร์,นมัสเตเนปาล","2021-05-21 13:26:52",173,"2021-05-21 13:26:52",173,NULL,NULL
115,62,"มิงกะลาบา เที่ยวพม่ากันมั้ย Ep.1","พม่า,พระธาตุอินทร์แขวน,มิงกะลาบา,เที่ยวพม่า,myanmar","2021-05-24 08:34:46",202,"2021-05-24 08:34:46",202,NULL,NULL
116,62,"เที่ยวพม่ากับบริษัททัวร์สบายยังไง? Ep.2","","2021-05-24 09:06:25",202,"2021-05-24 09:06:25",202,NULL,NULL
117,62,"เที่ยวเซี่ยงไฮ้...ไปไหนดีน๊าาา","china,shanghai,travel,blog","2021-05-28 07:19:55",202,"2021-05-30 16:10:29",202,NULL,NULL
118,29,"เบตงอัยเยอร์เวงทะเลหมอกอันแสนงดงาม","","2021-05-31 11:00:39",82,"2021-05-31 11:00:39",82,NULL,NULL
119,75,"หัวหิน รีวิว : Vana Nava Water Jungle เที่ยวหัวหิน","","2021-06-01 04:48:13",263,"2021-06-01 06:12:36",263,"2021-06-01 06:12:36",263
120,75,"หัวหิน รีวิว : Vana Nava Water Jungle เที่ยวหัวหิน","","2021-06-01 06:14:07",263,"2021-06-01 06:15:34",263,"2021-06-01 06:15:34",263
121,75,"หัวหิน รีวิว : Vana Nava Water Jungle เที่ยวหัวหิน","เที่ยวหัวหิน,รีวิวหัวหิน,แพคเกจหัวหิน,แพคเกจประจวบคีรีขันธ์,ทัวร์ประจวบคีรีขันธ์,รีวิวประจวบคีรีขันธ์,vana nava Hua hin,วานานาวาหัวหิน,ตั๋วเครื่องบินราคาถูก,Thailandamazingยิ่งกว่าเดิม,ทัวร์เที่ยวไทย","2021-06-01 06:44:17",263,"2021-06-01 06:44:17",263,NULL,NULL
122,75,"วัดกัลณียาราชมหาวิหาร Kelaniya Raja Maha Vihara : วัดสำคัญของศรีลังกา","ทัวร์ศรีลังกา,เที่ยวศรีลังกา,รีวิวศรีลังกา,วัดกัลณียาราชมหาวิหาร,ตั๋วเครื่องบินราคาถูก,ทัวร์ศรีลังกาปีใหม่","2021-06-01 06:48:41",263,"2021-06-01 06:48:41",263,NULL,NULL
123,75,"เที่ยวง้อไบ้ หลวงพ่อโตเล่อซาน : 1 ใน 4 ภูเขาศักดิ์สิทธิ์ประเทศจีน","เที่ยวจีน,รีวิวจีน,แพคเกจจีน,ทัวร์จีน,หลวงพ่อโตเล่อซาน,ภูเขาศักดิ์สิทธิ์,ภูเขาศักดิ์สิทธิ์ประเทศจีน,วัดเป้ากั๋ว,เที่ยวเฉิงตู,รีวิวเฉิงตู,แพคเกจเฉิงตู,ทัวร์เฉิงตู","2021-06-01 09:08:23",263,"2021-06-01 09:08:23",263,NULL,NULL
124,75,"แลนด์มาร์คใหม่ ใจกลางเมืองเนปิดอว์ : รีวิวพระอุปปาตะสันติ","ทัวร์พม่า,เที่ยวพม่า,รีวิวพม่า,พระอุปปาตะสันติ,ทัวร์พม่าปีใหม่,ตั๋วเครื่องบินราคาถูก","2021-06-01 09:27:44",263,"2021-06-01 09:27:44",263,NULL,NULL
125,75,"เฉินตู พาดูหมี : ศูนย์อนุรักษ์หมีเฉินตู เที่ยวจิ่วจ่ายโกวต้องแวะที่นี่","เที่ยวจีน,รีวิวจีน,แพคเกจจีน,ทัวร์จีน,เที่ยวจิ่วจ่ายโกว,ทัวร์จิ่วจ่ายโกว,รีวิวจิ่วจ่ายโกว,แพคเกจจิ่วจ่ายโกว,ศูนย์อนุรักษ์หมีแพนด้าเฉินตู,แพนด้าเฉินตู,ตั๋วเครื่องบินราคาถูก,Thailandamazingยิ่งกว่าเดิม,ทัวร์เที่ยวไทย,ศูนย์อนุรักษ์หมี","2021-06-01 09:45:44",263,"2021-06-01 09:45:44",263,NULL,NULL
126,75,"ขอพร ที่นี่...พม่า : รีวิวเทพทันใจ นัตโบโบยี","ทัวร์พม่า,เที่ยวพม่า,รีวิวพม่า,เทพทันใจ,ทัวร์พม่าปีใหม่,ตั๋วเครื่องบินราคาถูก","2021-06-01 10:25:24",263,"2021-06-01 10:25:24",263,NULL,NULL
127,75," ทัวร์คิวชู เช็คอินที่ : เฮ้าส์เทนบอช Huis Ten Bosch จังหวัดนางาซากิ","ทัวร์ญี่ปุ่น,ทัวร์ญี่ปุ่นปีใหม่,ทัวร์คิวชูปีใหม่,เฮ้าส์เทชบอช,Huis Ten Bosch,Yotoku Inari Shrine,ชมซากุระ,ชมใบไม้เปลี่ยนสี,เที่ยวญี่ปุ่น,ทัวร์คิวชู,ทัวร์ญี่ปุ่นซากุระ,ทัวร์ญี่ปุ่นราคาถูก,ทัวร์ญี่ปุ่นพรีเมียม","2021-06-02 03:17:16",263,"2021-06-02 03:35:59",263,NULL,NULL
128,75,"Unseen เจดีย์กลางน้ำพม่า ห้ามพลาด : เจดีย์เยเลพญา","ทัวร์พม่า,รีวิวพม่า,เที่ยวพม่า,เจดีย์เยเลพญา,ทัวร์พม่าปีใหม่,ตั๋วเครื่องบินราคาถูก","2021-06-02 03:34:03",263,"2021-06-02 03:34:03",263,NULL,NULL
129,75,"อิ่มบุญ อิ่มกาย : รีวิวพระธาตุอินทร์แขวน","ทัวร์พม่า,เที่ยวพม่า,รีวิวพม่า,พระธาตุอินทร์แขวน,ทัวร์พม่าปีใหม่,เมืองไจก์โถ่,ตั๋วเครื่องบินราคาถูก","2021-06-02 04:31:33",263,"2021-06-02 04:31:33",263,NULL,NULL
134,75,"ทัวร์คิวชู รีวิว : เมืองคุมาโมโต้ สวนซุยเซนจิ","ทัวร์ญี่ปุ่น,ทัวร์ญี่ปุ่นคุมาโมโต้,ทัวร์คิวชูปีใหม่,ศาลเจ้าดาไซกุ,ทัวร์ญี่ปุ่นปีใหม่,ทัวร์โอซาก้า,เที่ยวญี่ปุ่น,จูบิลี่ แทรเวิล,jubileetravel,ทัวร์โตเกียว,ทัวร์ญี่ปุ่นวันแม่,ทัวร์ญี่ปุ่นวันสงกรานต์,ทัวร์ปีใหม่,โปรแกรมเที่ยวญี่ปุ่น,คุมามง","2021-06-02 05:04:13",263,"2021-06-24 04:54:42",263,NULL,NULL
135,75," ทัวร์คิวชู เช็คอินที่ : พิพิธภัณฑ์สัตว์น้ำไคเคียวคัง Kai Kyo Kan Aquarium เมืองชิโมโนะเซกิ จังหวัดยามากุจิ","","2021-06-02 05:16:34",263,"2021-06-03 05:57:57",263,"2021-06-03 05:57:57",263
136,75,"เกาสง รีวิว : เจดีย์มังกรเสือ วัดฉือจี้ ที่นี่ไต้หวัน","รีวิวไต้หวัน,ทัวร์ไต้หวัน,ทัวร์เกาสง,เที่ยวเกาสง,ทัวร์ไต้หวันปีใหม่,วัดฉือจี้,วัดมังกรเสือ,เจดีย์มังกรเสือ,ตั๋วเครื่องบินราคาถูก,ไค้หวัน","2021-06-02 05:44:59",263,"2021-06-24 06:50:29",263,NULL,NULL
137,75,"ทัวร์คิวชู เช็คอินที่ : ศาลเจ้ายูโทคุอินาริ Yutoku Inari Shrine จังหวัดซากะ","ทัวร์ญี่ปุ่น,ทัวร์ปีใหม่,ทัวร์คิวชู,ซากะ,ทัวร์คางาวะ,ทัวร์โคจิ,ทัวร์ยามาจุกุ,ทัวร์โอเคยาม่า,โปรโมชั่นญี่ปุ่น,ทัวร์โอซาก้า,ทัวร์โตเกียว,ศาลเจ้ายูโทคุอินาริ","2021-06-02 07:59:26",263,"2021-06-02 07:59:26",263,NULL,NULL
138,92,"วัดท่าช้าง (ร้าง) ศิลปะสมัยอยุธยา อายุกว่า 400 ปี จ.เพชรบุรี","เพชรบุรี,วัดท่าช้าง,ที่เที่ยวเพชรบุรี,เที่ยวเพชรบุรี,จังหวัดเพชรบุรี,เพชรบุรี ที่เที่ยว,วัด เพชรบุรี,สถานที่เที่ยว เพชรบุรี,บ้านลาด,แหล่งท่องเที่ยว เพชรบุรี","2021-06-04 04:20:46",335,"2021-06-04 04:20:46",335,NULL,NULL
139,92,"น้ำตาลโตนดแท้ๆ ต้องดูอย่างไร ? อันไหนแท้ ไม่แท้ ?","เพชรบุรี,น้ำตาลโตนดแท้,น้ำตาลโตนด,น้ำตาลปึก,น้ำตาลปี๊บ,น้ำตาลผสม,น้ำตาลหลอม,น้ำตาลมะพร้าว,น้ำตาลโตนด ราคา,น้ำตาลโตนดสด,น้ำตาลโตนดก้อน,ราคา น้ำตาลโตนด,บ้านลาด,น้ำตาลโตนด เพชรบุรี,น้ำตาลโตนด บ้านลาด,จังหวัดเพชรบุรี,ของฝาก,ของฝาก เพชรบุรี,เพชรบุรี ของฝาก","2021-06-04 06:23:46",335,"2021-06-04 06:38:26",335,NULL,NULL
140,75,"ปราสาทโอซาก้า : เที่ยวญี่ปุ่นช่วงซากุระ Osaka castle","","2021-06-04 06:52:13",263,"2021-06-04 09:56:36",263,"2021-06-04 09:56:36",263
142,92,"ท่องแดนภารตะ ณ คาเฟ่ อะเมซอน เขาย้อย จ.เพชรบุรี","คาเฟ่ เพชรบุรี,ร้านกาแฟ เพชรบุรี,คาเฟ่ เพชรบุรี ชะอำ,คาเฟ่ เขาย้อย,คาเฟ่ เพชรบุรี เขาย้อย,คาเฟ่ ใน เพชรบุรี,ร้านคาเฟ่ เพชรบุรี,Cafe เพชรบุรี,อะเมซอน เขาย้อย,คาเฟ่ อะเมซอน,คาเฟ่ อะเมซอน เพชรบุรี,คาเฟ่ อะเมซอน เขาย้อย,คาเฟ่ เพชรบุรี 2021,รีวิว คาเฟ่,รีวิว คาเฟ่ เพชรบุรี,เพชรบุรี คาเฟ่,คาเฟ่ เปิดใหม่ เพชรบุรี,คาเฟ่ จังหวัด เพชรบุรี,จังหวัดเพชรบุรี,รีวิวเพชรบุรี,ที่เที่ยวเพชรบุรี,คาเฟ่น่านั่ง,คาเฟ่น่านั่ง เพชรบุรี,Cafe amazon","2021-06-04 06:55:49",335,"2021-06-04 07:03:45",335,NULL,NULL
143,92,"สวยสุด ! ชมพระอาทิตย์ขึ้นพร้อมวิวทะเลหมอก ณ ดินแดงดอย จ.กระบี่","ดินแดงดอย,ดินแดงดอย ที่พัก,ดินแดงดอย เดินทาง,ที่พัก ดินแดงดอย,ที่เที่ยวกระบี่,เที่ยวกระบี่,สถานที่ท่องเที่ยวกระบี่,กระบี่ ที่เที่ยว,ที่เที่ยว กระบี่ 2021,ดินแดงดอย กระบี่,ดินแดงดอย รีวิว,ดินแดงดอย พระอาทิตย์ตก,ดินแดงดอย พระอาทิตย์ขึ้น,ดินแดงดอย ค่าเข้า,ดินแดงดอย จ.กระบี่","2021-06-06 21:10:09",335,"2021-06-06 21:20:24",335,NULL,NULL
144,1,"12345","","2021-06-07 10:59:03",1,"2021-06-07 10:59:03",1,NULL,NULL
145,75,"TT","","2021-06-07 11:10:25",261,"2021-06-08 03:13:08",261,"2021-06-08 03:13:08",263
146,92,"ไร่ชา101 ดอยแม่สลอง ไร่ชาขั้นบันไดสุดอลังแห่งเชียงราย ","ไร่ชา 101,ไร่ชา 101 ดอยแม่สลอง,ไร่ชาขั้นบันได,ไร่ชา เชียงราย,ไร่ชา 101 แม่สลอง,101 ไร่ชา,ดอยแม่สลอง ไร่ชา 101,ที่เที่ยว เขียงราย,เที่ยวเชียงราย,สถานที่ท่องเที่ยว เชียงราย,เชียงราย ที่เที่ยว,ที่เที่ยว เชียงราย 2021,สถานที่เที่ยว เชียงราย,ดอยแม่สลอง,ที่เที่ยว ดอยแม่สลอง,ไร่ชา 101 รีวิว","2021-06-07 17:27:28",335,"2021-06-07 17:38:12",335,NULL,NULL
148,75,"ปราสาทฮิโรชิม่า : ปราสาทปลาคราฟ เที่ยวเมืองสันติภาพแห่งญี่ปุ่น","ปราสาทฮิโรชิม่า,ฤดูใบไม้เปลี่ยนสี,เมืองสันติภาพแห่งญี่ปุ่น,ปราสาทปลาคราฟ,hiroshima,ทัวร์ญี่ปุ่น,ทัวร์ญีุ่่นใบไม้เปลี่ยนสี,ทัวร์ญี่ปุ่นราคาถูก,ทัวร์ญี่ปุ่นพรีเมี่ยม,ทัวร์คิวชู,ทัวร์ฮิโรชิม่า","2021-06-08 03:12:03",263,"2021-06-08 04:08:48",263,NULL,NULL
149,75,"The Outlets Hiroshima : ช้อปแหลกที่ฮิโรชิม่า","ทัวร์ญี่ปุ่น,เที่ยวญี่ปุ่น,รีวิวญี่ปุ่น,The Outlets Hiroshima,ฮิโรชิม่า,ชูโกกุ,ทัวร์ญี่ปุ่นปีใหม่,ตั๋วเครื่องบินราคาถูก","2021-06-08 03:17:15",263,"2021-06-08 03:46:49",263,NULL,NULL
150,75,"วัดคินคะคุจิ เมืองเกียวโต : วัดทองมรดกโลก ตามรอยการ์ตูนเณรน้อย ""อิคคิวซัง""","เที่ยวญี่ปุ่น,รีวิวญี่ปุ่น,แพคเกจญี่ปุ่น,ทัวร์ญี่ปุ่น,วัดทอง,ปราสาททอง,วัดอิคคิวซัง,วัดคินคะคุจิ,วัดมรดกโลก,เที่ยวเกียวโต,รีวิวเกียวโต,แพคเกจเกียวโต","2021-06-08 07:39:57",263,"2021-06-14 06:06:13",263,"2021-06-14 06:06:13",263
151,75,"วัดคิโยมิสึ : วัดน้ำใส Kiyomizu Temple ไหว้พระขอพร ชมใบไม้เปลี่ยนสีที่วัดศักดิ์สิทธิ์แห่งเมืองเกียวโต","เที่ยวญี่ปุ่น,รีวิวญี่ปุ่น,แพคเกจญี่ปุ่น,ทัวร์ญี่ปุ่น,วัดคิโยมิสึ,วัดน้ำใส,เที่ยวเกียวโต,รีวิวเกียวโต,แพคเกจเกียวโต,ทัวร์เกียวโต","2021-06-08 07:52:59",263,"2021-06-08 07:52:59",263,NULL,NULL
152,75," ศาลเจ้าฟูชิมิอินาริ : ศาลเจ้าจิ้งจอก กับ เสาโทริอิพันต้น Fushimi Inari Shrine","เที่ยวญี่ปุ่น,รีวิวญี่ปุ่น,แพคเกจญี่ปุ่น,ศาลเจ้าฟูชิมิอินาริ,เกียวโต,รีวิวเกียวโต,เที่ยวเกียวโต","2021-06-08 08:31:08",263,"2021-06-14 06:08:27",263,"2021-06-14 06:08:27",263
153,75,"โอวาคุดานิ : กินไข่ดำยังไง? ให้อายุยืนพันปีเสน่ห์แห่งเมืองฮาโกเน่","เที่ยวญี่ปุ่น,รีวิวญี่ปุ่น,แพคเกจญี่ปุ่น,ทัวร์ญี่ปุ่น,โอวาคุดานิ,หุบเขานรก,หุบเขาโอวาคุดานิ,ไข่ดำ,เที่ยวฮาโกเน่,รีวิวฮาโกเน่,แพคเกจฮาโกเน่","2021-06-08 08:34:19",263,"2022-05-19 07:30:22",263,NULL,NULL
154,75,"ตะลุยสนุก Universal Studio Japan ท่องโลก Harry Potter","เที่ยวญี่ปุ่น,ทัวร์ญี่ปุ่น,ทัวร์โอซาก้า,Universal studio,แพคเกจญี่ปุ่น,jubileetravel,จูบิลี่ แทรเวิล,โปรแกรมเที่ยวญี่ปุ่น","2021-06-08 08:49:47",263,"2021-06-08 08:49:47",263,NULL,NULL
155,75," เที่ยววัดนาริตะซัน (Naritasan Shinshoji Temple) ที่จังหวัดชิบะ","ทัวร์ญี่ปุ่น,เที่ยวญี่ปุ่น,รีวิวญี่ปุ่น,ชิบะ","2021-06-08 08:50:54",263,"2021-06-08 08:50:54",263,NULL,NULL
156,75," GOTEMBA Premium Outlets ช็อปเพลินๆ ชมวิวภูเขาไฟฟูจิ : โกเท็มบะพรีเมี่ยมเอ้าท์เลต","เที่ยวญี่ปุ่น,รีวิวญี่ปุ่น,แพคเกจญี่ปุ่น,ภูเขาไฟฟูจิ,โกเทมบะพรีเมียมเอ้าท์เล็ต","2021-06-08 09:00:44",263,"2021-06-08 09:00:44",263,NULL,NULL
157,75," ชิบะซากุระ : Pinkmoss จังหวัดยามานาชิ สวยฟินอินฟูจิ","รีวิวญี่ปุ่น,เที่ยวญี่ปุ่น,แพคเกจญี่ปุ่น,พิงค์มอส,ยามานาชิ","2021-06-08 09:20:24",263,"2021-06-08 09:22:19",263,NULL,NULL
158,75,"วัดอาซากุสะ วัดเซ็นโซจิ  โตเกียว : เที่ยวญี่ปุ่นช่วงซากุระ","ทัวร์ญี่ปุ่น,เที่ยวญี่ปุ่น,ทัวร์โตเกียว,เที่ยวโตเกียว,โตเกียว,วัดอาซาสกุสะ,ซากุระ,เที่ยวซากุระ,แพคเกจญี่ปุ่น,jubileetravel,โปรแกรมญี่ปุ่น,ทัวร์ซากุระ","2021-06-08 09:25:44",263,"2021-06-08 09:25:44",263,NULL,NULL
159,75,"สวนอุเอโนะ : Ueno Park ปูเสื่อปิคนิคใต้อุโมงค์ซากุระ","เที่ยวญี่ปุ่น,ทัวร์ญี่ปุ่น,ทัวร์โตเกียว,เที่ยวโตเกียว,สวนอุเอโนะ,โตเกียว,แพคเกจญี่ปุ่น,ซากุระ,ทัวร์ซากุระ,เที่ยวซากุระ,โปรแกรมเที่ยวญี่ปุ่น,จูบิลี่ แทรเวิล,jubileetravel","2021-06-08 09:48:38",263,"2021-06-08 09:48:38",263,NULL,NULL
160,75,"ปราสาทโอซาก้า : เที่ยวญี่ปุ่นช่วงซากุระ Osaka castle","เที่ยวญี่ปุ่น,ทัวร์ญี่ปุ่น,ทัวร์โอซาก้า,ปราสาทโอซาก้า,โอซาก้า,แพคเกจญี่ปุ่น,โปรแกรมญี่ปุ่น,jubileetravel,เที่ยวซากุระ,ทัวร์ซากุระ,ซากุระ","2021-06-08 10:03:56",263,"2021-06-08 10:13:58",263,"2021-06-08 10:13:58",263
161,75,"Hiroshima : ย้อนรอยประวัติศาสตร์ เที่ยวอะตอมมิคโดม ดวงไฟสันติภาพ ซาดาโกะอนุสาวรีย์สันติภาพ พิพิธภัณฑ์อนุสรณ์สันติภาพ","ทัวร์ญี่ปุ่น,เที่ยวญี่ปุ่น,รีวิวญี่ปุ่น,ฮิโรชิม่า,เที่ยวฮิโรชิม่า,โดมระเบิดปรมาณู,อนุสาวรีย์สันติภาพของเด็ก,ดวงไฟแห่งสันติภาพ,พิพิธภัณฑ์อนุสรณ์สันติภาพฮิโรชิม่า","2021-06-08 10:07:18",263,"2021-06-08 10:10:30",263,NULL,NULL
162,75,"เที่ยววัดโทไดจิ : มรดกโลก หลวงพ่อไดบุทสึ ให้อาหารกวางนารา","ทัวร์ญี่ปุ่น,เที่ยวญี่ปุ่น,รีวิวญี่ปุ่น,วัดโทไดจิ,เที่ยวนารา,ไดบุทสึ,หลวงพ่อโต,ตั๋วเครื่องบินราคาถูก","2021-06-08 10:23:39",263,"2021-06-08 10:30:03",263,NULL,NULL
163,75,"ปราสาทโอซาก้า : เที่ยวญี่ปุ่นช่วงซากุระ Osaka castle","ทัวร์ญี่ปุ่น,เที่ยวญี่ปุ่น,โอซาก้า,ปราสาทโอซาก้า,ทัวร์ซากุระ,เที่ยวซากุระ,ซากุระ,แพคเกจทัวร์ญี่ปุ่น,โปรแกรมทัวร์ญี่ปุ่น,jubileetravel","2021-06-09 02:15:04",263,"2021-06-11 07:45:40",263,"2021-06-11 07:45:40",263
165,75,"dddd","","2021-06-09 02:26:25",263,"2021-06-09 02:26:51",263,"2021-06-09 02:26:51",263
167,75,"โตเกียว","","2021-06-09 02:43:40",263,"2021-06-09 02:46:31",263,"2021-06-09 02:46:31",263
168,75,"หุบเขามิโนะ : ตอนเหนือโอซาก้าใบไม้เปลี่ยนสีที่นี่เดือนไหน ?","รีวิวญี่ปุ่น,เที่ยวญี่ปุ่น,แพคเกจญี่ปุ่น,หุบเขามิโนะ,โอซาก้า","2021-06-10 09:43:29",263,"2021-06-10 09:43:29",263,NULL,NULL
169,75,"วัดเอ็นโซจิ : ไอสึวากามัตสึ บ้านเกิดวัวแดงอะคาเบโกะ มาสคอตเมืองไอสุ จุดเช็คอิน ฟุกุชิมะ Fukushima","ทัวร์ญี่ปุ่น,เที่ยวญี่ปุ่น,รีวิวญี่ปุ่น,วัดเอ็นโซจิ,ฟุกุชิมะ","2021-06-10 09:55:45",263,"2021-06-10 09:55:45",263,NULL,NULL
170,92,"คิงคอง ปาร์ค กระบี่ สวนหุ่นฟาง คิงคองยักษ์ หน้าสระมรกต","กระบี่,ที่เที่ยว กระบี่,เที่ยวกระบี่,คิงคอง ปาร์ค,คิงคองยักษ์,คิงคอง กระบี่,คิงคอง ปาร์ค กระบี่,King Kong Park,Krabi,King Kong Park Krabi,King Kong,สระมรกต กระบี่,จังหวัด กระบี่,ทัวร์กระบี่,ทริป กระบี่","2021-06-11 02:56:47",335,"2021-06-11 03:04:53",335,NULL,NULL
171,75,"ปราสาทโอซาก้า : เที่ยวญี่ปุ่นช่วงซากุระ Osaka Castle","","2021-06-11 07:20:02",263,"2021-06-11 07:21:12",263,"2021-06-11 07:21:12",263
172,75,"วัดไดโกจิ Daigoji : ปักหมุดใบไม้เปลี่ยนสีที่เกียวโต","เที่ยวญี่ปุ่น,ทัวร์ญี่ปุ่น,แพคเกจญี่ปุ่น,วัดไดโกจิ,เกียวโต,ใบไม้เปลี่ยนสี,ชมใบไม้เปลี่ยนสี,โปรแกรมญี่ปุ่น,jubileetravel,ทัวร์ญี่ปุ่นช่วงปีใหม่,ทัวร์เกียวโต,เที่ยวเกียวโต","2021-06-11 07:33:55",263,"2021-06-11 07:44:32",263,NULL,NULL
173,75,"คิตาโน่เทนมานกุ : เช็คอินใบไม้เปลี่ยนสีที่เกียวโต","เที่ยวญี่ปุ่น,ทัวร์ญี่แุ่น,แพคเกจญี่ปุ่น,ศาลเจ้าคิตาโน่เทนมานกุ,เกียวโต,ใบไม้เปลี่ยนสี,ชมใบไม้เปลี่ยนสี,โปรแกรมทัวร์ญี่ปุ่น,โ)รแกรมญี่ปุ่น,เที่ยวเกียวโต,ทัวร์เกียวโต,jubilrrtravel","2021-06-11 08:20:01",263,"2021-06-11 08:20:01",263,NULL,NULL
174,75,"ตลาดปลานาคามินาโตะ : อิบารากิ ใกล้โตเกียวนิดเดียว Ibaraki ที่นี่ Japan","ทัวร์ญี่ปุ่น,เที่ยวญี่ปุ่น,แพคเกจญี่ปุ่น,ตลาดปลานาคามินาโตะ,โตเกียว,อิบารากิ,โปรแกรมญี่ปุ่น,เที่ยวโตเกียว,ตลาดปลา,ตลาดปลาอิบารากิ,ทัวร์อิบารากิ","2021-06-11 08:34:28",263,"2021-06-18 03:15:12",263,NULL,NULL
175,75,"Tama รถไฟสายแมวเหมียวทามะ วาคายาม่า","เที่ยวญี่ปุ่น,ทัวร์ญี่ปุ่น,แพคเกจญี่ปุ่น,รถไฟทามะ,รถไฟแมวเหมียว,วาคายาม่า,รถไฟสายแมวเหมียว,โ)รแกรมญี่ปุ่น,ทัวร์วาายาม่า,jubileetravel","2021-06-11 09:36:58",263,"2021-06-11 09:36:58",263,NULL,NULL
176,92,"นั่งชิลล์ ชมวิวทะเลเกาะกูด The Beach Natural Koh Kood รีสอร์ทบรรยากาศดี ที่พักติดริมทะเล","เกาะกูด,ที่พัก เกาะกูด,เกาะกูด รีสอร์ท,เกาะกูด ที่พัก,เกาะกูด จังหวัด,ตราด,โรงแรม เกาะกูด,ทริป เกาะกูด,รีสอร์ท เกาะกูด,ทัวร์เกาะกูด,The Beach Natural Resort Koh Kood,เดอะ บีช เนเชอรัล เกาะกูด,แพคเกจ เกาะกูด,เกาะกูด บีช รีสอร์ท,บ้านพัก เกาะกูด,ที่พัก เกาะกูด ราคาถูก,เกาะกูด 3 วัน 2 คืน,ที่พัก บน เกาะกูด,หาด เกาะกูด,เกาะกูด พักที่ไหนดี,เกาะกูด โรงแรม,Package Koh Kood,ที่พัก เกาะกูดสวยๆ,ที่พัก เกาะกูด 2021,หาดบางเบ้า เกาะกูด,ที่พักในเกาะกูด,เกาะกูด แพคเกจ,โปรโมชั่น เกาะกูด,โรงแรมในเกาะกูด","2021-06-12 22:19:29",335,"2021-06-12 23:08:48",335,NULL,NULL
177,75,"ป่าไผ่อาราชิยาม่า & สะพานโทเก็ตสึเคียว : 2 จุดไฮไลท์ ใบไม้เปลี่ยนสีที่ต้องมาเยือน","","2021-06-14 02:40:31",263,"2021-06-14 02:40:31",263,NULL,NULL
178,75,"ศาลเจ้าฟูชิมิอินาริ : ศาลเจ้าจิ้งจอก กับ เสาโทริอิพันต้น Fushimi Inari Shrine","","2021-06-14 03:59:43",263,"2021-06-14 03:59:43",263,NULL,NULL
179,75,"วัดคินคะคุจิ เมืองเกียวโต : วัดทองมรดกโลก ตามรอยการ์ตูนเณรน้อย ""อิคคิวซัง""","","2021-06-14 04:12:12",263,"2021-06-14 04:12:12",263,NULL,NULL
180,75,"มาคุมาโมโต้ : ต้องแวะ Katsuritsu Tei หมูทอดทงคัทสึ จัดว่าเด็ดมาก!","ทัวร์ญี่ปุ่น,เที่ยวญี่ปุ่น,รีวิวญี่ปุ่น,คุมาโมโต้,ทงคัทสึ","2021-06-14 05:20:26",263,"2021-06-14 05:20:26",263,NULL,NULL
181,75,"ทะเลสาบโกชิคินุมะ : บึงน้ำ 5 สี Goshikinuma Ponds","เที่ยวญี่ปุ่น,รีวิวญี่ปุ่น,ทัวร์ญี่ปุ่น,ทะเลสาบโกชิคินุมะ","2021-06-14 08:51:18",263,"2021-06-14 08:51:18",263,NULL,NULL
182,75,"เส้นทางบันไดอาซูมะ สกายไลน์ Bandai Azuma Skyline","ทัวร์ญี่ปุ่น,เที่ยวญี่ปุ่น,รีวิวญี่ปุ่น,บันไดอาซูมะ,ฟุกุชิมะ","2021-06-14 08:55:47",263,"2021-06-14 08:55:47",263,NULL,NULL
183,75,"คิตะคาคะราเมง : สุดยอดราเมงร้านดัง 1 ใน 3 ของญี่ปุ่น จังหวัดฟุกุชิมะ รสชาติติดลิ้น","เที่ยวญี่ปุ่น,ทัวร์ญี่ปุ่น,รีวิวญี่ปุ่น,คิตะคาตะ,ฟุกุชิมะ,ราเมงชื่อดัง,โปรแกรมญี่ปุ่น,jubileetravel,แพคเกจญี่ปุ่น,คิตะคาตะราเมง","2021-06-15 07:13:21",263,"2021-06-17 04:41:15",263,NULL,NULL
184,75,"ปราสาทวากายาม่า","เที่ยวญี่ปุ่น,ทัวร์ญี่ปุ่น,รีวิวญี่ปุ่น,ปราสาทวายายาม่า,วากายาม่า,โปรแกรมญี่ปุ่น,แพคเกจญี่ปุ่น,แพคเกจทัวร์,jubileetravel","2021-06-15 07:26:35",263,"2021-06-16 03:28:21",263,"2021-06-16 03:28:21",263
185,75,"ศาลเจ้านันโกะ : ที่สถิตของมัตสึไดระ ซาดะโนบุ ในสวนเก่าแก่ของญี่ปุ่น ที่เมืองชิรากาวะ จังหวัดฟุกุชิมะ","ทัวร์ญี่ปุ่น,เที่ยวญี่ปุ่น,รีวิวญี่ปุ่น,ศาลเจ้านันโกะ,ฟุกุชิมะ","2021-06-16 03:29:22",263,"2021-06-16 03:29:22",263,NULL,NULL
186,75,"ปราสาทวากายาม่า","","2021-06-16 03:29:46",263,"2021-06-16 05:22:50",263,"2021-06-16 05:22:50",263
187,75,"ทุ่งดอกไม้คิตะคาตะ : ตะลุยทุ่งดอกทานตะวันบานสะพรั่ง ที่จังหวัดฟุกุชิม่า","ทัวร์ญี่ปุ่น,เที่ยวญี่ปุ่น,แพคเกจญี่ปุ่น,รีวิวญี่ปุ่น,ทุ่งดอกไม้,ซันโนะคุระโคเก็น,ฟุกุชิมะ,เที่ยวฟุกุชิมะ,ทัวร์ฟุกุชิมะ,ทุ่งดอกทานตะวัน,โปรแกรมทัวร์ญี่ปุ่น,โปรแกรมญี่ปุ่น,jubileetravel","2021-06-16 05:27:50",263,"2021-06-16 05:35:36",263,NULL,NULL
188,75,"ปราสาทวากายาม่า : หลงไหลเสน่ห์วิวเมืองวากายาม่าดั่งต้องมนตร์","","2021-06-16 07:11:38",263,"2021-06-16 07:11:53",263,"2021-06-16 07:11:53",263
189,75,"โรงอาบน้ำสาธารณะซาบาโกะยุ : แช่ออนเซ็นสาธารณะแห่งแรกในเมืองอีซากะออนเซ็น ฟุกุชิมะ","เที่ยวญี่ปุ่น,ทัวร์ญี่ปุ่น,แพคเกจญี่ปุ่น,ดรงอาบน้ำสาธารณะ,ซาบาโกะยุ,แช่ออนเซ็น,ฟุกุชิมะ,โปรแกรมทัวร์ญี่ปุ่น,jubileetravel","2021-06-17 04:59:16",263,"2021-06-17 04:59:16",263,NULL,NULL
190,75,"ปราสาทวากายาม่า : หลงไหลเสน่ห์วิวเมืองวากายาม่าดั่งต้องมนตร์","ทัวร์ญี่ปุ่น,เที่ยวญี่ปุ่น,รีวิวญี่ปุ่น,แพคเกจญี่ปุ่น,ปราสาทวากายาม่า,ฟุกุชิมะ,โปรแกรมญี่ปุ่น,แพคเกจทัวร์ญี่ปุ่น,jubileetravel","2021-06-17 05:09:57",263,"2021-06-17 05:53:27",263,"2021-06-17 05:53:27",263
191,75,"ถนนช้อปปิ้งอาเขต ฮิโรชิม่า ฮอนโดริ ขาช้อปห้ามพลาด ละลายเงินเยน","เที่ยวญี่ปุ่น,ทัวร์ญี่ปุ่น,แพคเกจญี่ปุ่น,รีวิวญี่ปุ่น,ฮิโรชิม่า,แพคเกจฮิโรชิม่า,โปรแกรมทัวร์ญี่ปุ่น,ถนนฮอนโดริ,jubileetravelthai,ทัวร์ญี่ปุ่นใบไม้เปลี่ยนสี,ทัวร์ญี่ปุ่นซากุระ","2021-06-17 05:56:04",263,"2021-06-17 07:42:52",263,NULL,NULL
192,75,"โทโนะเฮทสึริ สุดยอดวิวสวยที่หน้าผาล้านปี ในฟุกุชิมะ","เที่ยวญี่ปุ่น,ทัวร์ญี่ปุ่น,รีวิวญี่ปุ่น,แพคเกจญี่ปุ่น,โทโนะเฮทสึริ,ฟุกุชิมะ,หน้าผาล้านปี,โปรแกรมทัวร์ญี่ปุ่น,jubileetravel","2021-06-18 03:32:21",263,"2021-06-18 03:44:53",263,NULL,NULL
193,75,"สะพานไดอิจิเคียวเรียว : จุดชมวิวเส้นทางรถไฟสาย Tadami Line สุดโรแมนติกที่จังหวัดฟุกุชิมะ","ทัวร์ญี่ปุ่น,เที่ยวญี่ปุ่น,รีวิวญี่ปุ่น,สะพานไดอิจิเคียวเรียว","2021-06-18 03:36:56",263,"2021-06-21 04:44:24",263,"2021-06-21 04:44:24",263
194,59,"การเดินทางของเจ้าหัวโต .. Japan Nagoya # 6 ","","2021-06-18 04:52:50",195,"2021-06-18 04:52:50",195,NULL,NULL
195,75,"สปา รีสอร์ท ฮาวายเอียนส์ : พักผ่อนหย่อนใจไปกับสวนน้ำสไตล์ฮาวาย ชมการแสดงฮูล่าเกิร์ลส์ ที่เมืองอิวากุ ฟุกุชิมะ","เที่ยวญี่ปุ่น,ทัวร์ญี่ปุ่น,รีวิวญี่ปุ่น,แพคเกจญี่ปุ่น,สปาฮาวายเอียนส์,ฟุกุชิมะ,โปรแกรมทัวร์ญี่ปุ่น,ทัวร์ฟุกุชิมะ,jubileetravel","2021-06-18 05:23:07",263,"2021-06-18 08:14:27",263,"2021-06-18 08:14:27",263
197,75,"สปา รีสอร์ท ฮาวายเอียนส์ : สนุกไปกับสวนน้ำสไตล์ฮาวาย ชมการแสดงฮูล่าเกิร์ลส์ ที่เมืองอิวากิ ฟุกุชิมะ","","2021-06-18 08:57:00",263,"2021-06-18 08:57:14",263,"2021-06-18 08:57:14",263
198,75,"สะพานไดอิจิเคียวเรียว : จุดชมวิวเส้นทางรถไฟสาย Tadami Line สุดโรแมนติกที่จังหวัดฟุกุชิมะ","ทัวร์ญี่ปุ่น,เที่ยวญี่ปุ่น,รีวิวญี่ปุ่น,สะพานไดอิจิเคียวเรียว,เที่ยวฟุกุชิมะ,ตั๋วเครื่องบินราคาประหยัด","2021-06-21 04:31:38",263,"2021-06-21 04:31:38",263,NULL,NULL
199,91,"The Vessel at Hudson Yards สถาปัตยกรรมรูปรังผึ้งสุดอลังการ แห่งนิวยอร์ก","นิวยอร์ก,อเมริกา,thevessel,Newyork,ต่างประเทศ,ในประเทศ","2021-06-22 02:38:17",328,"2021-06-22 02:38:17",328,NULL,NULL
200,91,"Santa Maddalena หมู่บ้านที่วิวงดงามอลังการราวกับภาพวาด","","2021-06-22 02:45:43",328,"2021-06-22 02:45:43",328,NULL,NULL
201,91,"The Wave คลื่นภูเขาหินทรายร้อยล้านปีแห่งแอริโซนา","สหรัฐฯ,อเมริกา,คลื่นภูเขาหินทราย","2021-06-22 13:41:15",328,"2021-06-22 13:41:15",328,NULL,NULL
202,75,"ศาลเจ้าคูชิดะ : ฮากาตะ ขอพรธุรกิจให้เจริญรุ่งเรือง เยือนคิวชูต้องมาสักครั้ง","ทัวร์ญี่ปุ่น,เที่ยวญี่ปุ่น,รีวิวญี่ปุ่น,ศาลเจ้าคูชิดะ,ฟุกุโอกะ,ฮากะตะ,คิวชู,ทัวร์คิวชู,ตั๋วเครื่องบินราคาประหยัด","2021-06-23 05:07:30",263,"2021-06-23 05:07:30",263,NULL,NULL
203,75,"แแ","","2021-06-23 05:36:31",263,"2021-06-23 05:36:38",263,"2021-06-23 05:36:38",263
204,75,"ปราสาทโอซาก้า : เที่ยวญี่ปุ่นช่วงซากุระ Osaka Castle","เที่ยวญี่ปุ่น,รีวิวญี่ปุ่น,แพคเกจทัวร์ญี่ปุ่น,ทัวร์ญี่ปุ่น,เที่ยวโอซาก้า,รีวิวโอซาก้า,แพคเกจทัวร์โอซาก้า,ทัวร์โอซาก้า,ปราสาทโอซาก้า,ซากุระ","2021-06-23 06:51:16",263,"2021-06-23 06:51:16",263,NULL,NULL
205,75,"หมู่บ้านโออุจิจูคุ : ย้อนเวลาไปยุคเอโดะ ชมวิวภูเขาสูงหมู่บ้านโบราณฟุกุชิมะ","","2021-06-23 07:47:17",263,"2021-06-23 08:43:34",263,"2021-06-23 08:43:34",263
206,75,"หมู่บ้านโออุจิจูคุ : ย้อนเวลาไปยุคเอโดะ ชมวิวภูเขาสูงหมู่บ้านโบราณฟุกุชิมะ","","2021-06-23 08:45:21",263,"2021-06-23 09:18:07",263,"2021-06-23 09:18:07",263
207,75,"หมู่บ้านโออุจิจูคุ : ย้อนเวลาไปยุคเอโดะ ชมวิวภูเขาสูงหมู่บ้านโบราณฟุกุชิมะ","ทัวร์ญี่ปุ่น,รีวิวญี่ปุ่น,แพคเกจทัวร์ญี่ปุ่น,รีวิวฟุกุชิมะ,ทัวร์ฟุกุชิมะ,แพคเกจฟุกุชิมะ,หมู่บ้านโออิจิจูคุ,หมู่บ้านโบราณฟุกุชิมะ","2021-06-23 09:20:29",263,"2021-06-23 10:17:24",263,NULL,NULL
208,1,"วัดอาสากุสะ เซนโซจิ อารัมบริก้า","","2021-06-23 09:42:41",272,"2021-06-23 09:42:41",272,NULL,NULL
209,1,"Testing","","2021-06-23 09:45:38",1,"2021-06-23 09:45:38",1,NULL,NULL
210,1,"Testing","","2021-06-23 09:46:33",1,"2022-03-09 04:20:27",272,NULL,NULL
211,75,"Dogo Onsen ออนเซ็นขึ้นชื่อเก่าแก่แห่งเมืองมัตสึยามะ จังหวัดเอฮิเมะ","รีวิวญี่ปุ่น,ทัวร์ญี่ปุ่น,เที่ยวญี่ปุ่น,โดโกะ ออนเซ็น,มัตสึยามะ,เอฮิเมะ,เที่ยวเอฮิเมะ","2021-06-23 11:54:50",263,"2021-06-23 11:57:52",263,NULL,NULL
212,75,"ทาคายาม่า : หมู่บ้านชิราคาวาโกะ สัมผัสใบไม้เปลี่ยนสี จังหวัดกิฟุ","ทัวร์ญี่ปุ่น,เที่ยวญี่ปุ่น,รีวิวญี่ปุ่น,หมู่บ้านชิราคาวาโกะ,ทาคายาม่า,กิฟุ,ตั๋วเครื่องบินราคาประหยัด","2021-06-24 02:25:57",263,"2021-06-24 02:25:57",263,NULL,NULL
213,75,"ปราสาทวากายาม่า : หลงไหลเสน่ห์วิวเมืองวากายาม่าดั่งต้องมนตร์","ทัวร์ญี่ปุ่น,รีวิวญี่ปุ่น,เที่ยวญี่ปุ่น,ปราสาทวากายาม่า,วากายาม่า,เที่ยววากายาม่า,ตั๋วเครื่องบินราคาถูก","2021-06-24 02:50:23",263,"2021-06-24 03:02:21",263,NULL,NULL
214,75,"โตเกียวดิสนีย์แลนด์ : ดินแดนแห่งฝัน ไปญี่ปุ่นกี่ครั้งก็ไม่เคยเบื่อ","ทัวร์ญี่ปุ่น,เที่ยวญี่ปุ่น,แพคเกจญี่ปุ่น,ทัวร์โตเกียว,เที่ยวโตเกียว,รีวิวโตเกียว,แพคเกจโตเกียว,ดิสนีย์แลนด์,โตเกียวดิสนีย์แลนด์,ดิสนีย์แลนด์โตเกียว,รีวิวญี่ปุ่น","2021-06-24 02:55:45",263,"2021-06-24 02:55:45",263,NULL,NULL
215,75,"พิพิธภัณฑ์ราเมงชินโยโกฮาม่า แหล่งรวมราเมงรสเลิศของญี่ปุ่น! (Shin-Yokohama Ramen Museum)","ทัวร์ญี่ปุ่น,รีวิวญี่ปุ่น,เที่ยวญี่ปุ่น,แพคเกจญี่ปุ่น,ทัวร์โยโกฮาม่า,รีวิวโยโกฮาม่า,เที่ยวโยโกฮาม่า,แพคเกจโยโกฮาม่า,พิพิธภัณฑ์ราเมงชิน,พิพิธภัณฑ์ราเมงชินโยโกฮาม่า","2021-06-24 03:10:38",263,"2021-06-24 03:10:38",263,NULL,NULL
216,75,"ถ้ำอาบุคุมะ : เที่ยวถ้ำหินงอกหินย้อยสุดตระการตา ณ ฟุกุชิมะ","ทัวร์ญี่ปุ่น,รีวิวญี่ปุ่น,เทียวญี่ปุ่น,ถ้ำอะบุคุมะ,ฟุกุชิมะ,ทัวร์ฟุกุชิมะ,ตั๋วเครื่องบินราคาถูก","2021-06-24 03:23:02",263,"2021-06-24 03:23:02",263,NULL,NULL
217,75,"ไดน่าแลนด์ ลานสกีกุโจ : เล่นสกีบนลานหิมะ นั่งกระเช้าชมวิวเทือกเขาแอลป์ตอนเหนือ ที่จังหวัดกิฟุ","ทัวร์ญี่ปุ่น,แพคเกจญี่ปุ่น,รีวิวญี่ปุ่น,เที่ยวญี่ปุ่น,ทัวร์กิฟุ,แพคเกจกิฟุ,รีวิกิฟุ,เที่ยวกิฟุ,ไดน่าแลนด์,ลานสกีไดน่าแลนด์,ไดน่าแลนด์ลานสกี,ลานสกีกุโจ","2021-06-24 03:23:28",263,"2021-06-24 03:23:28",263,NULL,NULL
218,75,"พิพิธภัณฑ์สัตว์น้ำฟุกุชิมะ : ตื่นตาตื่นใจกับสัตว์น้ำนานาชนิด แวะแชะจุดไฮไลท์ของพิพิธภัณฑ์","ทัวร์ญี่ปุ่น,รีวิวญี่ปุ่น,เที่ยวญี่ปุ่น,แพคเกจญี่ปุ่น,ทัวร์ฟุกุชิมะ,รีวิวฟุกุชิมะ,เที่ยวฟุกุชิมะ,แพคเกจฟฟุกุชิมะ,พิพิธภัณฑ์สัตว์น้ำฟุกุชิมะ,พิพิธภัณฑ์สัตว์น้ำญี่ปุ่น","2021-06-24 03:38:58",263,"2021-06-24 03:38:58",263,NULL,NULL
219,75,"คฤหาสน์เก่าตระกูลโฮริคิริ : ชมสถาปัตยกรรมบ้านพักของพ่อค้าและชาวนาผู้ร่ำรวยแบบดั้งเดิมที่ฟุกุชิมะ ผ่อนคลายด้วยการแช่เท้าในออนเซ็น","รีวิวญี่ปุ่น,ทัวร์ญี่ปุ่น,เที่ยวญี่ปุ่น,คฤหาสน์เก่าตระกูลโฮริคิริ,ฟุกุชิมะ,ทัวร์ฟุกุชิมะ,ตั๋วเครื่องบินราคาถูก","2021-06-24 03:39:55",263,"2021-06-24 03:39:55",263,NULL,NULL
220,75,"สปา รีสอร์ท ฮาวายเอียนส์ : สนุกไปกับสวนน้ำสไตล์ฮาวาย ชมการแสดงฮูล่าเกิร์ลส์ ที่เมืองอิวากิ ฟุกุชิมะ","ทัวร์ญี่ปุ่น,รีวิวญี่ปุ่น,เที่ยวญี่ปุ่น,แพคเกจญี่ปุ่น,ทัวร์ฟุกุชิมะ,รีวิวฟุกุชิมะ,เที่ยวฟุกุชิมะ,แพคเกจฟุกุชิมะ,สปาฮาวาเอียนส์,สปารีสอร์ทฮาวายเอียนส์,ฮูล่าเกิร์ลส์","2021-06-24 03:57:46",263,"2021-06-24 03:57:46",263,NULL,NULL
221,75,"ฟาร์มมะเขือเทศ Wonder Farm : เก็บมะเขือเทศออร์แกนิกสดๆจากต้น เมืองอิวากิ ฟุกุชิมะ","รีวิวญี่ปุ่น,ทัวร์ญี่ปุ่น,เที่ยวญี่ปุ่น,แพคเกจญี่ปุ่น,รีวิวฟุกุชิมะ,ทัวร์ฟุกุชิมะ,เที่ยวฟุกุชิมะ,แพคเกจฟุกุชิมะ,วันเดอร์ฟาร์ม,ฟาร์มมะเขือเทศฟุกุชิมะ","2021-06-24 04:06:56",263,"2021-06-24 04:11:03",263,NULL,NULL
222,75,"ปราสาทสึรุกะ : ประสาทนกกระเรียนที่เก่าแก่แห่งฟุกุชิมะ เที่ยวงานเทศกาลไอซุ และชมใบไม้เปลี่ยนสี","ทัวร์ญี่ปุ่น,เที่ยวญี่ปุ่น,รีวิวญี่ปุ่น,ปราสาทสึรุกะ,ตั๋วเครื่องบินราคาถูก,ทัวร์ฟุกุชิมะ,เมืองไอสุ,ทัวร์ญี่ปุ่นใบไม้เปลี่ยนสี,ทัวร์ญี่ปุ่นซากุระ,ตั๋วเครื่องบินญี่ปุ่น","2021-06-24 04:07:08",263,"2021-09-10 03:15:01",263,NULL,NULL
223,75,"อีซากะออนเซ็น : เมืองแห่งน้ำพุร้อนเก่าแก่ ออนเซ็นแท้ๆ จากต้นกำเนิดสู่ตัวเมืองฟุกุชิมะ","เที่ยวญี่ปุ่น,ทัวร์ญีปุ่น,รีวิวญีปุ่น,อีซากะออนเซ็น,ฟุกุชิมะ,ทัวร์ฟุกุชิมะ,ตั๋วเครื่องบินราคาถูก","2021-06-24 04:24:29",263,"2021-06-24 04:24:29",263,NULL,NULL
225,113,"ตามรอยสหายผู้กองรีจองฮยอกและยุนเซรี จากซีรีส์ Crash Landing on You","เที่ยวสวิตเซอร์แลนด์,เกาหลี,Sigriswil Panorama Bridge,สถานีรถไฟ Kleine Scheidegg,ทะเลสาบ Lake Brienz,Lake Brienz,Crash Landing on You,ซีรีส์เกาหลี,ตามรอยสหายผู้กองรีจองฮยอกและยุนเซรี,สะพานแขวน Sigriswil Panorama Bridge","2021-06-24 08:51:40",375,"2021-06-24 08:51:40",375,NULL,NULL
226,113,"เคล็ดลับไหว้พระเสริมดวงที่ฮ่องกง","ฮ่องกง,ไหว้พระเสริมดวงที่ฮ่องกง,วัดหวังต้าเซียน,เจ้าแม่กวนอิม,วัดแชกง,วัดพระใหญ่โปหลิน,ศาลเจ้าแม่กวนอิม,วัดซีซาน,วัดหมั่นโหม่,วัดกังหัน,พระสังกัจจายน์,เทพเจ้าไฉ่ซิงเอี้ย,เจ้าแม่ทับทิม","2021-06-24 09:02:49",375,"2021-06-24 09:02:49",375,NULL,NULL
227,113,"9 ที่เที่ยวเด็ดเมืองจีน ต้องไปฟินให้ได้!","จีน,9 ที่เที่ยวเด็ดเมืองจีน,ประเทศจีน,อุทยานแห่งชาติจิ่วจ้ายโกว,กำแพงเมืองจีน,สวนอวี้หยวน เซี่ยงไฮ้,ภูเขาเทียนเหมินซาน,อุทยานแห่งชาติจางเจยเจี้ย,อุทยานหลุมฟ้าสะพานสวรรค์,งานเทศกาลน้ำแข็งฮาร์บิน,สระมังกรดำ,เมืองโบราณฉีเปา","2021-06-24 09:30:12",375,"2021-06-24 09:30:12",375,NULL,NULL
228,113,"10 ที่เที่ยวเวียดนาม เหนือ กลาง ใต้ สายฮิปสเตอร์ห้ามพลาด!","บาน่า ฮิลล์ (BaNa Hill) ดานัง,ฮอยอัน Hoi An,ดาลัด Da Lat,ทะเลทรายมุยเน่ Muine,ถ้ำซันดอง Son Doong Cave,ซาปา Sa Pa,ดานัง Danang","2021-06-24 09:39:03",375,"2021-06-24 09:39:03",375,NULL,NULL
229,113,"ทัวร์ญี่ปุ่น โอชิโนะฮักไค","ญี่ปุ่น,โอชิโนะ ฮักไก,หมู่บ้านน้ำใส,ทัวร์ญี่ปุ่น,เที่ยวญี่ปุ่น","2021-06-24 09:47:01",375,"2021-06-25 07:48:57",413,NULL,NULL
230,73,"The Vessel”แลนด์มาร์คกลางมหานครนิวฯอร์ค","","2021-06-25 02:15:57",254,"2021-06-25 02:15:57",254,NULL,NULL
231,73,"เจดีย์พุทธคยา พุทธคยาจำลองขนาดใหญ่เท่าองค์จริงหนึ่งเดียวของไทย","","2021-06-25 02:17:19",254,"2021-06-25 02:17:19",254,NULL,NULL
232,73,"ประวัติวันพืชมงคล พระราชพิธีจรดพระนังคัลแรกนาขวัญ","","2021-06-25 02:18:20",254,"2021-06-25 02:18:20",254,NULL,NULL
233,73,"""ราชาแห่งทุเรียนของมาเลเซีย"" ","","2021-06-25 02:20:57",254,"2021-06-25 02:20:57",254,NULL,NULL
234,73,"มะพร้าวก้นสาว หรือมะพร้าวแฝดเป็นมะพร้าวที่หายากที่สุดในโลก ","","2021-06-25 02:23:33",254,"2021-06-25 02:23:33",254,NULL,NULL
235,73,"""บ้านวังน้ำมอก"" ชุมชนท่องเที่ยวนวัตวิถีในอำเภอศรีเชียงใหม่","","2021-06-25 02:24:59",254,"2021-06-25 02:24:59",254,NULL,NULL
236,73,"เสื้อลายเสือ สายพันธุ์ผีเสื้อกลางคืน สิ่งมีชีวิตที่หาดูยาก","","2021-06-25 02:26:28",254,"2021-06-25 02:26:28",254,NULL,NULL
238,73,"เกาะไข่ เป็นสวรรค์ของคนรักทะเล","","2021-06-25 02:30:16",254,"2021-06-25 02:30:16",254,NULL,NULL
239,73,"""ทุ่งทานตะวัน โคกตาบันตะวันยิ้ม"" ","","2021-06-25 02:32:51",254,"2021-06-25 02:32:51",254,NULL,NULL
240,73,"หมู่บ้าน ชานิ ชิงนาปูร์ ""หมู่บ้านที่ไม่มีประตูบ้าน""","","2021-06-25 02:34:49",254,"2021-06-25 02:34:49",254,NULL,NULL
246,113,"ทัวร์ญี่ปุ่น ชินจูกุ","เมืองแห่งรัตติกาล,คาบูกิโจ,โตเกียว","2021-06-25 07:52:22",375,"2021-06-25 07:52:22",375,NULL,NULL
247,49,"เตรียมตัวก่อนเดินทางกับ ไทยสมายล์","ไทยสมายล์,กระบี่,ภูเก๊ต,สงขลา,เชียงใหม่,เชียงราย","2021-07-01 07:05:24",161,"2021-07-01 07:05:24",161,NULL,NULL
248,49,"ฉีดวัคซีนโควิด-19 ครบ 2 เข็ม ขอ""วัคซีนพาสปอร์ต""ได้แล้ว ใช้หลักฐานอะไรบ้าง","","2021-07-01 09:37:15",161,"2021-07-06 03:04:30",162,NULL,NULL
249,49,"10 สถานทีท่องเที่ยวสุดฮิตในโตเกียว","","2021-07-05 07:57:23",162,"2021-07-05 08:19:19",162,"2021-07-05 08:19:19",162
250,49,"10 สถานที่ท่องเที่ยวสุดฮิตในโตเกียว","","2021-07-05 08:21:06",162,"2021-07-05 08:21:06",162,NULL,NULL
251,53,"เรื่องต้องรู้...แลกเงินที่ไหนดี?","","2021-07-06 04:22:17",171,"2021-07-06 04:22:17",171,NULL,NULL
253,53,"10 เกาะยอดนิยมในเอเชีย","","2021-07-06 08:44:10",171,"2021-07-06 08:44:10",171,NULL,NULL
254,53,"7 พิกัดท่องเที่ยวบาหลี ดีต่อใจที่ต้องห้ามพลาด!!","","2021-07-06 08:49:50",171,"2021-07-06 08:49:50",171,NULL,NULL
255,49,""" ไหว้พระ 9 วัดดังที่ฮ่องกง ""","","2021-07-08 04:04:58",162,"2021-07-08 04:11:45",162,NULL,NULL
256,79,"Pink on The Way at Tohoku เลาะเลียบเส้นทางสีชมพูที่ โทโฮคุ","","2021-07-08 05:59:20",277,"2021-07-08 05:59:20",277,NULL,NULL
257,27,"เสม็ดนางชี","พังงา,เสม็ดนางชี,เสม็ดนางชีแอทฮิลล์","2021-07-08 12:57:40",76,"2021-07-08 12:57:40",76,NULL,NULL
258,27,"เที่ยวเกาะหวาย","ตราด,ที่ยวเกาะหวาย,หาดทรายดำ,ว๊ายเกาะหวาย","2021-07-08 13:23:06",76,"2021-07-08 13:23:06",76,NULL,NULL
259,27,"เที่ยวใกล้ๆก้ออยุธยาเมืองเก่า","","2021-07-08 13:41:16",76,"2021-07-08 13:41:16",76,NULL,NULL
260,79,"ไปดูดอกไม้ที่ ""ญี่ปุ่น""  กันเถอะ","","2021-07-09 06:55:30",277,"2021-07-09 06:55:30",277,NULL,NULL
261,91,"เซี่ยงไฮ้เตรียมเปิด 'ท้องฟ้าจำลอง' ใหญ่สุดในโลก","เซี่ยงไฮ้,เมืองจีน,พิพิธภัณฑ์ดาราศาสตร์เซี่ยงไฮ้","2021-07-10 10:34:59",328,"2021-07-10 10:34:59",328,NULL,NULL
262,49,"็HOW TO ""การทำพาสปอร์ต(Passport) ""","","2021-07-12 03:23:03",162,"2021-07-12 03:36:29",162,NULL,NULL
263,49,"“อุทยานแห่งชาติจางเจียเจี้ย ดินแดนสวรรค์ “","","2021-07-15 03:17:50",162,"2021-07-15 03:17:50",162,NULL,NULL
264,49,"10 ที่เที่ยวสุดฮิต ใน “กรุงโซล”","","2021-07-19 03:34:15",162,"2021-07-19 03:34:15",162,NULL,NULL
265,49,"""พระธาตุอินทร์แขวน"" 1 ใน 5 สิ่งศักดิ์สิทธิ์สูงสุด","","2021-07-20 03:49:57",162,"2021-07-20 03:49:57",162,NULL,NULL
266,49,"Ashikaga Flower Park  สวนวิสทีเรียที่สวยที่สุดในญี่ปุ่น","","2021-07-23 04:37:42",162,"2021-07-23 04:37:42",162,NULL,NULL
267,50,"การเดินทางท่องเที่ยว ทุกสถานที่ ","","2021-07-30 03:45:04",163,"2021-07-30 03:45:04",163,NULL,NULL
268,50,"เที่ยวต่างประเทศกับ “บริษัททัวร์”","","2021-07-30 03:52:14",163,"2021-07-30 03:52:14",163,NULL,NULL
269,50,"ประโยชน์ที่ได้จากการท่องเที่ยว ","","2021-07-30 04:13:31",163,"2021-07-30 04:13:31",163,NULL,NULL
270,50,"เที่ยวในประเทศเราเอง","","2021-07-30 04:29:45",163,"2021-07-30 04:29:45",163,NULL,NULL
271,50,"ประเทศน่าเที่ยวในอาเซียน","","2021-07-30 06:46:14",163,"2021-07-30 06:46:14",163,NULL,NULL
272,50,"จัดกรุ๊ปส่วนตัวเที่ยวญี่ปุ่น ","","2021-07-30 07:13:45",163,"2021-07-30 07:13:45",163,NULL,NULL
273,49,"หมู่บ้านวัฒนธรรมคัมชอน : Gamcheon Culture Village","","2021-08-02 04:12:47",162,"2021-08-02 04:12:47",162,NULL,NULL
274,49," “พุกาม” เมืองโบราณแห่งทะเลเจดีย์","","2021-08-02 04:16:11",162,"2021-08-02 04:16:11",162,NULL,NULL
275,65,"นมัสเต เนปาล NPL.1","เนปาล,ดินแดนหลังคาโลก,วาลโป,ปาโป,ปาลโป,Himalayan wools,เนวารี,กาฏมาณฑุ,Serkong Papa,เนปาลี,เอเวอร์เรสต์,สะการ์มาถา,โซโมลุงกะมา","2021-08-02 08:37:34",225,"2021-08-03 14:18:31",225,NULL,NULL
276,65,"นมัสเต เนปาล NPL.2","","2021-08-03 14:11:48",225,"2021-08-03 14:19:02",225,NULL,NULL
277,49,"""หมู่บ้านมรดกโลกชิราคาวาโกะ""(Shirakawa-go)","","2021-08-05 03:17:03",162,"2021-08-05 03:17:31",162,NULL,NULL
278,49,"TAITEI 101 ""ตึกที่สูงทีี่สุดในไต้หวัน","","2021-08-09 03:54:38",162,"2021-08-09 03:58:38",162,NULL,NULL
280,65,"Namaste Nepal NPL 3.","Black Bhairab,องค์ไภรพดำ,วัดจะกันนาถ,ทศกาลอินทรจัตรา,Kathmandu Durbar Square,กุมารี บะฮาล","2021-08-09 16:51:37",225,"2021-08-09 17:14:20",225,NULL,NULL
281,8,"test","","2021-08-09 18:42:48",148,"2021-08-09 18:42:48",148,NULL,NULL
282,8,"วิธีเดินทางไปทุ่งไฮเดรนเยียขุนแปะ เชียงใหม่","เชียงใหม่,บ้านแปะ","2021-08-09 20:28:44",148,"2021-08-11 06:38:47",148,NULL,NULL
283,49,"""หอไอเฟล (Eiffel) ฝรั่งเศส ""","","2021-08-11 03:18:22",162,"2021-08-11 03:18:22",162,NULL,NULL
284,65,"Kuzusangpo La,Bhutan BTN 1.","ทิมพู,พูนาคา,Dochula Pass,ภูฏาน,ดินแดนมังกรสายฟ้า","2021-08-13 16:54:35",225,"2021-08-13 17:24:16",225,NULL,NULL
285,65,"Kuzusangpo La,Bhutan BTN 2.","","2021-08-14 03:33:26",225,"2021-08-14 03:33:26",225,NULL,NULL
286,49,"""หอเอนปิซา  1 ใน 7 สิ่งมหัศจรรย์ของโลก""","","2021-08-16 03:11:42",162,"2021-08-16 03:11:42",162,NULL,NULL
288,50,"ประเทศเวียดนาม ","","2021-08-16 09:21:37",163,"2021-08-16 09:21:37",163,NULL,NULL
289,50,"ประเทศญี่ปุ่น ","","2021-08-17 05:20:13",163,"2021-08-17 05:20:13",163,NULL,NULL
290,49,"Ho Chi Minh  “ 8 จุดเช็คอินที่ห้ามพลาด “","","2021-08-17 05:55:08",162,"2021-08-17 05:55:08",162,NULL,NULL
291,50,"ประเทศเกาหลีใต้ เกาะนามิ","","2021-08-17 11:51:53",163,"2021-09-01 05:00:10",163,NULL,NULL
292,50,"ประเทศลาว เวียงจันทน์ -หลวงพระบาง-ปากเซ","","2021-08-18 10:07:50",163,"2021-08-18 11:00:02",163,NULL,NULL
293,50,"ประเทศกัมพูชา- เสียมเลียบ  นครวัด","","2021-08-18 11:10:10",163,"2021-08-18 11:10:10",163,NULL,NULL
294,49,"วัดคิงคะคุจิ (Kinkakuji Temple)","","2021-08-19 04:39:00",162,"2021-08-19 04:39:00",162,NULL,NULL
295,50,"เที่ยวพม่า ย่างกุ้ง พุกาม มัณฑะเลย์ ","","2021-08-19 10:21:56",163,"2021-08-19 10:21:56",163,NULL,NULL
296,65,"Kuzusangpo La,Bhutan BTN 3.","Taktsang Lhakhang,วัดรังเสือ / วัดถ้ำเสือ,ภูฏาน,คุรุรินโปเช,ตั้กซัง เปลฟู","2021-08-19 13:03:50",225,"2021-08-19 13:18:06",225,NULL,NULL
297,49,"เกาะสีส้ม  ฉางซา (Orange Isle) บ้านเกิด “เหมา เจ๋อตุง ”   ","","2021-08-20 04:42:42",162,"2021-08-20 04:42:42",162,NULL,NULL
298,50,"สิงคโปร์","","2021-08-20 05:29:06",163,"2021-08-20 05:29:06",163,NULL,NULL
299,49,"Nami Island ","","2021-08-20 05:40:14",162,"2021-08-20 05:40:14",162,NULL,NULL
300,50,"มาเลเซีย","","2021-08-20 06:00:38",163,"2021-08-20 06:00:38",163,NULL,NULL
301,50,"อินเดีย  รัฐสิกขิม -แคสเมียร์","","2021-08-20 07:17:22",163,"2021-08-20 08:07:42",163,NULL,NULL
302,50,"สักการะ 4 สังเวชนียสถาน อินเดีย-เนปาล พุทธสถานสำคัญ","","2021-08-20 08:27:27",163,"2021-10-05 06:04:17",163,NULL,NULL
303,50,"อินเดีย ทัชมาฮาล  อัครา  ชัยปุระ","","2021-08-20 09:52:42",163,"2021-08-20 09:52:42",163,NULL,NULL
304,50,"ภูฏาน สัมผัสมนต์เสน่ห์เมืองในหุบเขาหิมาลัย","","2021-08-22 04:11:35",163,"2021-10-26 09:40:15",163,NULL,NULL
305,65,"Namaste Nepal NPL 4.  ","วัชระ,ตันตริกพละ,ภาพวงล้อ,หอสวดมนตร์,วัดลามะธิเบต","2021-08-22 14:14:32",225,"2021-08-22 14:14:32",225,NULL,NULL
306,50,"มัลดีฟ","","2021-08-23 05:11:06",163,"2021-08-23 05:11:06",163,NULL,NULL
307,50,"เกาะบาหลี (ประเทศอินโดนีเซีย)","","2021-08-23 05:27:39",163,"2021-08-23 05:27:39",163,NULL,NULL
308,50,"อเมริกา ตะวันออก","","2021-08-23 09:29:47",163,"2021-08-23 09:57:28",163,NULL,NULL
309,50,"อเมริกา ตะวันตก ","","2021-08-23 11:21:41",163,"2021-08-23 11:31:37",163,NULL,NULL
310,50,"อเมริกา ฮาวาย ","","2021-08-23 11:38:00",163,"2021-08-23 11:38:00",163,NULL,NULL
311,50,"ไต้หวัน TAIWAN ","","2021-08-24 06:21:00",163,"2021-08-24 06:21:00",163,NULL,NULL
312,50,"เกาะหลีเป๊ะ จ.สตูล ","","2021-08-24 08:47:09",163,"2021-08-24 08:47:09",163,NULL,NULL
313,50,"เชียงใหม่ ","","2021-08-24 09:00:53",163,"2021-08-24 09:06:19",163,NULL,NULL
314,50,"เบตง","","2021-08-24 09:29:22",163,"2021-08-24 09:29:22",163,NULL,NULL
315,129,"ฉงชิ่ง (重庆) เป็นมหานครที่ใหญ่ที่สุดของจีน","ฉงชิ่ง,เรือนไม้โบราณ “หงหยาต้ง”,สามผาน้อยแห่งเขาอูซาน,“เกี๊ยวน้ำสไตล์ฉงชิ่ง”,หงหยาต้ง","2021-08-25 08:48:14",431,"2021-08-25 08:48:14",431,NULL,NULL
316,90,"เสียวขั้นสุดกับ Takabisha รถไฟเหาะตีลังกาที่ชันที่สุดในโลก ที่ประเทศญี่ปุ่น","ญี่ปุ่น,Takabisha","2021-08-25 09:04:53",305,"2021-08-25 09:04:53",305,NULL,NULL
317,50,"อุดรธานี ","","2021-08-26 03:51:49",163,"2021-08-26 03:51:49",163,NULL,NULL
318,50,"ลำปาง ลำพูน","","2021-08-26 05:36:57",163,"2021-08-26 05:49:39",163,NULL,NULL
319,50,"เพชรบูรณ์","","2021-08-26 06:06:24",163,"2021-08-26 06:06:24",163,NULL,NULL
320,50,"ศรีลังกา","","2021-08-30 06:31:15",163,"2021-08-30 06:31:15",163,NULL,NULL
321,50,"ฮ่องกง","","2021-08-30 06:42:30",163,"2021-08-30 06:42:30",163,NULL,NULL
322,50,"โอมาน","","2021-08-30 08:26:42",163,"2021-08-30 08:26:42",163,NULL,NULL
323,50,"จอร์แดน","","2021-08-30 08:55:30",163,"2021-08-30 08:55:30",163,NULL,NULL
324,50,"อียิปต์","","2021-08-31 02:06:39",163,"2021-08-31 02:06:39",163,NULL,NULL
325,49,"อุทยานธรณี เย่หลิว ""Yehliu Geopark""","","2021-08-31 07:03:06",162,"2021-08-31 07:03:06",162,NULL,NULL
326,50,"เกาะเจจู เกาหลีใต้(Jeju Island)","","2021-09-01 02:55:43",163,"2021-09-01 02:55:43",163,NULL,NULL
327,50,"ปูซาน เกาหลีใต้ ","","2021-09-01 03:27:53",163,"2021-09-01 03:27:53",163,NULL,NULL
328,95,"รวมสถานที่ท่องเที่ยวเวียดนาม","","2021-09-03 04:50:58",316,"2021-09-03 04:50:58",316,NULL,NULL
329,74,"สะพานแขวนมิชิม่า สกายวอร์ค","ภูเขาฟูจิ,ประเทศญี่ปุ่น,ภูเขาไฟฟูจิ,มิชิม่า สกายวอร์ค","2021-09-03 06:53:58",255,"2021-09-03 06:53:58",255,NULL,NULL
330,50,"เที่ยวเกียวโตเมืองเก่า ขอพรวัด คิโยมิซึ (วัดน้ำใส)","","2021-09-03 07:07:56",163,"2021-09-03 07:07:56",163,NULL,NULL
331,74,"Oktoberfest งานฉลองการแต่งงานที่ยาวนานกว่าสองร้อยปี","Oktoberfest,ประเทศเยอรมนี,(German Unity Day),วันรวมชาติเยอรมัน,อ๊อคโทเบอร์เฟส","2021-09-03 07:41:37",255,"2021-09-03 07:41:37",255,NULL,NULL
334,65,"Kuzusangpo Bhutan BTN 4.","","2021-09-04 01:59:37",225,"2021-09-04 01:59:37",225,NULL,NULL
335,50,"เนปาล","","2021-09-05 02:32:34",163,"2021-09-05 02:32:34",163,NULL,NULL
337,51,"เบตรงกินอะไรดี ","ของกินเบตรง,เบตรง,เบตรงกินอะไรดี","2021-09-06 10:55:16",165,"2021-09-06 10:55:16",165,NULL,NULL
338,75,"ฮัลส์สตัทท์ : เมืองแห่งทะเลสาบกลางหุบเขา ออสเตรีย","เที่ยวออสเตรีย,ทัวร์ออสเตรีย,รีวิวออสเตรีย,ฮัลส์สตัทท์,ซาลซ์คัมเมอร์กุท,ทัวร์ซาลซ์คัมเมอร์กุท,ตั๋วเครื่องบินราคาถูก,ตั๋วนักเรียน,ทัวร์ยุโรปพรีเมียม","2021-09-07 04:32:18",263,"2021-09-14 07:29:50",263,NULL,NULL
339,75,"ปราสาทน็อยชวานชไตน์ ต้นแบบปราสาทดิสนีย์แลนด์ที่สวยที่สุด แห่งเยอรมัน","ทัวร์เยอรมัน,รีวิวเยอรมัน,เที่ยวเยอรมัน,ทัวร์เมืองมิวนิก,เที่ยวเมืองมิวนิก,เยอรมัน,มิวนิก,รวมทัวร์ยุโรป,ตั๋วเครื่องบินราคาถูก,ตั๋วเครื่องบินราคานักเรียน,แพกเกจทัวร์เยอรมัน","2021-09-07 05:53:31",263,"2021-09-10 03:46:54",263,NULL,NULL
340,75,"พระราชวังเชินบรุนน์  (Schonbrunn Palace) : พระราชวังอันยิ่งใหญ่ของราชวงศ์ฮาพส์บวร์ค","ทัวร์ออสเตรีย,เที่ยวออสเตรีย,รีวิวออสเตรีย,พระราชวังเชินบรุนน์,เวียนนา,จองตั๋วเครื่องบิน,ตั๋วนักเรียน,ทัวร์ยุโรปพรีเมียม","2021-09-07 07:40:35",265,"2021-09-14 08:37:54",263,NULL,NULL
341,50,"ทวาย  เมืองในเมียนมาร์ (พม่า)","","2021-09-08 11:11:01",163,"2021-09-08 11:11:01",163,NULL,NULL
342,75,"อาคารรัฐสภาฮังการี : สถาปัตยกรรมชั้นเลิศ ริมแม่น้ำดานูบ","เที่ยวฮังการี,ทัวร์ฮังการี,รีวิวฮังการี,อาคารรัฐสภาฮังการี,บูดาเปสต์,ทัวร์บูดาเปสต์,ตั๋วเครื่องบินราคาถูก,ทัวร์ยุโรป,ทัวร์คุณภาพ,จองตั๋วเครื่องบิน","2021-09-09 09:35:46",263,"2021-09-10 06:33:57",263,NULL,NULL
343,75,"สวนมิราเบล บ้านเกิดโมสาร์ท : ดินแดนมรกตแห่งเมืองซาล์กบูร์กประเทศออสเตรีย","เที่ยวออสเตรีย,ทัวร์ออสเตรีย,รีวิวออสเตรีย,สวนมิราเบล,บ้านเกิดโมสาร์ท,ทัวร์สวนมิราเบล,ทัวร์บ้านเกิดโมสาร์ท,ตั๋วเครื่องบินราคาถูก,ทัวร์ยุโรปพรีเมียม","2021-09-09 10:10:35",265,"2021-09-14 09:00:07",263,NULL,NULL
344,75,"เชสกี้ ครุมลอฟ : มนต์เสน่ห์มรดกโลกแสนโรแมนติก แห่งเมืองเช็ก","ทัวร์สาธารณรัฐเช็ก,รีวิวสาธารณรัฐเช็ก,เที่ยวสาธารณเช็ก,ทัวร์เชสกี้กรุมลอฟ,เที่ยวเชสกี้กรุมลอฟ,เชสกี้ครุมลอฟ,สาธารณรัฐเช็ก,ตั๋วเครื่องบินราคาถูก,รวมทัวร์ยุโรป,แพคเกจทัวร์เชสกี้กรุมลอฟ,ตั๋วเครื่องบินราคานักเรียน","2021-09-09 16:01:57",263,"2021-09-10 04:56:43",263,NULL,NULL
345,49,"อนุสรณ์สถานเจียง ไคเช็ค (Chiang Khai Shek Memorial hall)   ","","2021-09-10 05:16:31",162,"2021-09-10 05:16:31",162,NULL,NULL
346,92,"สวนมาลัย บัววิคตอเรีย บัวกระด้งขนาดใหญ่ ขึ้นไปยืนถ่ายรูปได้ !","สวนมาลัย,บัววิคตอเรีย,ที่เที่ยวนนทบุรี,รักยิ้มทัวร์,ที่เที่ยวบางบัวทอง,สวนมาลัย บัววิคตอเรีย,แหล่งท่องเที่ยวเชิงเกษตร","2021-09-10 07:43:45",309,"2021-09-10 07:43:45",309,NULL,NULL
347,50,"ด่านสิงขร เมืองมะริด ตะนาวศรี","","2021-09-10 10:59:10",163,"2021-09-10 10:59:10",163,NULL,NULL
348,50,"สบายดี หลวงพระบาง ","","2021-09-10 11:28:53",163,"2021-09-10 11:28:53",163,NULL,NULL
349,75,"ปราสาทปราก สาธารณรัฐเช็ก : ความงามอันเลื่องลือแห่งแดนยุโรป","ทัวร์สาธารณรัฐเช็ก,รีวิวสาธารณรัฐเช็ก,ทัวร์ปราสาทปราก,เที่ยวสาธารณรัฐเช็ก,เที่ยวเมืองปราก,เที่ยวปราสาทปราก,สาธารณรัฐเช็ก,รวมทัวร์ยุโรป,แพคเกจทัวร์ปราสาทปราก,ตั๋วเครื่องบินราคานักเรียน,ตั๋วเครื่องบินราคาถูก","2021-09-13 08:31:49",263,"2021-09-13 08:52:15",263,NULL,NULL
350,75,"สะพานชาร์ลส์ Charles Bridge : สัญลักษณ์แห่งเมืองปราก","เที่ยวเช็ก,ทัวร์เช็ก,รีวิวเช็ก,สะพานชาร์ลส์,ปราก,ทัวร์ปราก,ตั๋วเครื่องบินราคาถูก,ทัวร์ยุโรป,ทัวร์คุณภาพ,จองตั๋วเครื่องบิน","2021-09-13 09:07:42",263,"2021-09-13 09:52:15",263,NULL,NULL
351,132," มาดูกันว่า ภูเด็ดๆ ยั่วให้อยากเก็บกระเป๋าหรือแบกเป้เดินทางออกไป “รับลมหนาว เที่ยวภู ดูทะเลหมอก” ","เที่ยวทิพย์,เที่ยวเลย,เที่ยวหน้าหนาว,เที่ยวอีสาน,เที่ยวภาคอีสาน,เที่ยวเมืองรอง,เที่ยวภูเขา,เที่ยวป่า,เที่ยวไทย,เที่ยวเมืองไทย,ทะเลหมอก,ปักในใจไปแน่ๆ,เที่ยวเมืองไทยAmazingยิ่งกว่าเดิม,AmazingThailand,amazingไทยเท่,UnseenThailand,UnseenNewSiries,MoreCoolอีสาน","2021-09-14 03:57:17",439,"2021-09-14 03:57:17",439,NULL,NULL
352,75,"ชมวิว เสพมนต์เสน่ห์เมือง ณ ฟุกุโอกะทาวเวอร์ แห่งเกาะคิวชู","เที่ยวญี่ปุ่น,ทัวร์ญี่ปุ่น,ทัวร์ฟุกุโอกะ,เที่ยวฟุกุโอกะ,เที่ยวฟุกุโอกะทาวเวอร์,ทัวร์ฟุกุโอกะทาวเวอร์,ทัวร์คิวชู,เที่ยวคิวชู,fukuoka,fukuokatower","2021-09-14 04:16:22",265,"2021-09-14 04:21:33",265,NULL,NULL
353,132,"เที่ยวเชียงคานกัน","","2021-09-14 04:33:50",439,"2021-09-14 04:33:50",439,NULL,NULL
354,99,"เที่ยวเมืองมรดกโลก หอฟ้าเทียนถาน เมืองปักกิ่ง","เมืองมรดกโลก,หอฟ้าเทียนถาน,ราชวงศ์ชิง,หอฟ้าดินเทียนตี้ถาน,ปักกิ่ง","2021-09-14 07:38:28",344,"2021-09-14 07:38:28",344,NULL,NULL
355,50,"โตเกียว ภูเขาฟูจิ  ประเทศญี่ปุ่น","","2021-09-14 11:19:47",163,"2021-09-14 11:19:47",163,NULL,NULL
356,87,"มาดูกันว่า ภูเด็ดๆ ยั่วให้อยากเก็บกระเป๋าหรือแบกเป้เดินทางออกไป “รับลมหนาว เที่ยวภู ดูทะเลหมอก”","เที่ยวทิพย์,เที่ยวหน้าหนาว,เที่ยวเลย,เที่ยวภาคอีสาน,เที่ยวเมืองรอง,เที่ยวภูเขา","2021-09-15 08:14:01",295,"2021-09-15 08:14:01",295,NULL,NULL
357,78,"เก็นต์ (Ghent) เมืองสวย สงบ ริมแม่น้ำ ประเทศเบลเยี่ยม ","เบลเยี่ยม,ประเทศเบลเยี่ยม,เที่ยวยุโรป,Ghent,เก็นต์,Belgium,ท่องเที่ยวยุโรป,อธีนา อินเตอร์ กรุป ทราเวล","2021-09-15 09:07:40",274,"2021-11-16 16:41:31",274,NULL,NULL
359,50,"ซากุระบานที่ญี่ปุ่น ","","2021-09-15 10:08:31",163,"2021-09-15 10:08:31",163,NULL,NULL
360,50,"เมืองทาคายามะ (Takayama) ญี่ปุ่น และเจแปนแอลป์ ทาเตยามะ-คุโรเบะ","","2021-09-15 10:51:24",163,"2021-09-16 05:25:27",163,NULL,NULL
361,50," นิกโก้ เมืองมรดกโลก เที่ยวชมธรรมชาติ และวัฒนธรรมญี่ปุ่น","","2021-09-16 05:38:40",163,"2021-09-16 05:38:40",163,NULL,NULL
362,50,"โอกินาว่า เกาะใต้ของญี่ปุ่น","","2021-09-16 08:12:07",163,"2021-09-16 08:12:07",163,NULL,NULL
363,50,"ฮอกไกโด เกาะเหนือของญี่ปุ่น","","2021-09-16 11:22:57",163,"2021-09-16 11:22:57",163,NULL,NULL
364,50,"หนาวนี้ ที่ ฮอกไกโด ญี่ปุ่นตอนเหนือ","","2021-09-17 05:40:20",163,"2021-09-17 05:42:21",163,NULL,NULL
366,50,"ฮาโกดาเตะ HOKKAIDO เมืองท่าที่รุ่งเรืองในอดีต","","2021-09-17 06:43:43",163,"2021-09-17 06:43:43",163,NULL,NULL
367,50,"เมืองฟุกุโอกะ (Fukuoka) และเมืองนางาซากิ (NAGASAKI)","","2021-09-17 10:12:59",163,"2021-09-17 10:43:32",163,NULL,NULL
368,50,"วัดคินคะคุจิหรือวัดทอง ที่เกียวโต ญี่ปุ่น","","2021-09-18 05:27:55",163,"2021-09-18 05:56:10",163,NULL,NULL
369,50,"สวยป่าไผ่ อาราชิยาม่า Arashiyama Bamboo  เกียวโต ญี่ปุ่น","","2021-09-18 06:06:38",163,"2021-09-18 06:06:38",163,NULL,NULL
372,50,"วัดน้ำใสคิโยมิซุ  KIYOMIZU TEMPLE","","2021-09-18 06:25:37",163,"2021-09-18 06:25:37",163,NULL,NULL
373,50,"เสาโทริอิ ที่ ศาลเจ้าฟูชิมิ อินาริ  FUSHIMI INARI SHRINE เกียวโต ญี่ปุ่น","","2021-09-18 06:43:28",163,"2021-09-18 06:43:54",163,NULL,NULL
374,50,"วัดเซ็นโซจิ SENSOJI  อาซากุสะ ASAKUSA  โตเกียว ","","2021-09-19 09:41:35",163,"2021-09-19 09:41:35",163,NULL,NULL
375,50,"ทะเลสาบอาชิโนโกะ  LAKE ASHINOKO ","","2021-09-19 10:12:54",163,"2021-09-19 10:12:54",163,NULL,NULL
376,78,"ไร่ชา ขนาดใหญ่ที่สุดของเกาหลี O'sulloc tea museum เกาะเจจู","jeju-do,jeju,korea,เกาะเจจู,เที่ยวเกาะเจจู,เที่ยวเกาหลี","2021-09-19 15:47:44",274,"2021-11-16 16:37:46",274,NULL,NULL
377,50,"โอวาคุดานิ แห่งฮาโกเนะ โตเกียว ญี่ปุ่น","","2021-09-20 03:45:37",163,"2021-09-20 03:45:37",163,NULL,NULL
378,101," “เที่ยวญี่ปุ่นช่วงฤดูใบไม้เปลี่ยนสี สถานที่หรือกิจกรรมที่ไม่ควรพลาด","JNTOthailand,Visitjapan,คิดถึงญี่ปุ่น,เที่ยวญี่ปุ่น,ใบไม้เปลี่ยนสีญี่ปุ่น,AutumnJapan","2021-09-20 07:43:05",330,"2021-09-20 07:43:05",330,NULL,NULL
379,101,"ถ่ายรูปสุดชิคหลากหลายมุมที่เมืองฮาโกเนะ","Hakone,Kanagawa,Kanto,JNTOthailand,visitjapan,คิดถึงญี่ปุ่น,เที่ยวญี่ปุ่น,Onsen","2021-09-20 07:57:21",330,"2021-09-20 07:57:21",330,NULL,NULL
380,101,"หนีร้อนมาผ่อนคลายและสนุกสนานไปกับการโต้คลื่นที่คานากาว่า","Kanto,Kanagawa,JNTOthailand,visitjapan,SummerJapan","2021-09-20 08:24:44",330,"2021-09-20 08:24:44",330,NULL,NULL
381,75,"วัดทานาล๊อต แห่งเกาะบาหลี : ดินแดนทะเล อินโดนีเซีย","","2021-09-20 09:39:15",265,"2021-09-21 02:10:13",265,NULL,NULL
382,75,"เกาะโชโดชิมะ จังหวัดคางาวะ :  แองเจิลโรด แห่งประเทศญี่ปุ่น","ทัวร์ญี่ปุ่น,เที่ยวญี่ปุ่น,รีวิวญี่ปุ่น,คะงาวะ,ชิโกะคุ,เกาะโชโดชิมะ,แองเจิลโรด,ทะเลเซโตะ","2021-09-21 10:03:40",265,"2021-09-22 06:20:42",265,NULL,NULL
383,78,"อุโมงค์เก็บไวน์ ในภูเขามหึมา ณ เมืองคูวาเรลี ประเทศจอร์เจีย","จอเจียร์,อุโมงค์เก็บไวน์,ไวน์แดง,ไวน์ขาว,ไวน์องุ่น,เที่ยวจอรืเจีย,ทัวร์จอร์เจีย,kvevri","2021-09-21 18:35:49",274,"2021-11-17 01:47:31",274,NULL,NULL
384,90,"เพลิดเพลินและผ่อนคลายไปกับอนเซ็น 3 สไตล์ในภูมิภาคโทโฮคุ","โทโฮคุ,Tohoku,นิวโต อนเซ็น,Nyuto Onsen,Akita,อาคิตะ,Tokyo Station,ทะซะวะโคะ,Tazawako,ริงโกะ อนเซ็น,โอฟุนาโตะ,คิระคิระด้ง","2021-09-22 02:30:30",305,"2021-09-22 02:30:30",305,NULL,NULL
385,90,"หนีร้อนมาผ่อนคลายและสนุกสนานไปกับการโต้คลื่นที่คานากาว่า","Kanagawa,Kanto,JNTOthailand,SummerJapan","2021-09-22 02:34:20",305,"2021-09-22 02:34:20",305,NULL,NULL
386,90,"ถ่ายรูปสุดชิคหลากหลายมุมที่เมืองฮาโกเนะ","Hakone,Kanagawa,Kanto,JNTOthailand,visitjapan,คิดถึงญี่ปุ่น,เที่ยวญี่ปุ่น,Onsen","2021-09-22 02:39:46",305,"2021-09-22 02:39:46",305,NULL,NULL
387,27,"ถ่ายรูปสุดชิคหลากหลายมุมที่เมืองฮาโกเนะ","Hakone,Kanagawa,Kanto,JNTOthailand,visitjapan,คิดถึงญี่ปุ่น,เที่ยวญี่ปุ่น,Onsen","2021-09-22 02:50:17",76,"2021-09-22 02:50:17",76,NULL,NULL
388,27,"มาแชร์ความเห็นกันว่า “เที่ยวญี่ปุ่นช่วงฤดูใบไม้เปลี่ยนสี สถานที่หรือกิจกรรมที่ไม่ควรพลาด","JNTOthailand,Visitjapan,คิดถึงญี่ปุ่น,เที่ยวญี่ปุ่น,ใบไม้เปลี่ยนสีญี่ปุ่น,AutumnJapan","2021-09-22 03:01:25",76,"2021-09-22 03:01:25",76,NULL,NULL
390,50,"เมืองจีน คุนหมิง ต้าหลี่ ลี่เจียง กับที่เที่ยวสุด Unseen และเมืองมรดกโลก","","2021-09-22 07:13:14",163,"2021-09-22 07:13:14",163,NULL,NULL
391,75,"ตะลุยควานใจ่ : ตลาดโบราณนครเฉิงตู แห่งจีนแผ่นดินใหญ่","ทัวร์จีน,เที่ยวจีน,รีวิวจีน,ถนนคนเดินควานใจ่,เมืองเฉิงตู,มณฑลเสฉวน,ตลาดโบราณจีน","2021-09-23 03:50:51",265,"2021-09-23 03:50:51",265,NULL,NULL
392,75,"ขบวนรถไฟเจียหลาง : ประวัติศาสตร์แห่งเล่อซาน","ทัวร์จีน,รีวิวจีน,ทัวร์รถไฟเจียหยาง,เที่ยวรถไฟเจียหยาง,เที่ยวเมืองเล่อซาน,เที่ยวเสฉวน,มณฑลเสฉวน,เล่อซาน,ตั๋วเครื่องบินราคานักเรียน,ตั๋วเครื่องบินราคาถูก","2021-09-23 09:43:53",263,"2021-09-24 03:00:02",263,NULL,NULL
393,50,"ตุรกี (Turkey) ดินแดนสองทวีป","","2021-09-24 09:06:42",163,"2021-09-24 09:06:42",163,NULL,NULL
394,78,"เที่ยวนิกโก้ กินพุดดิ้งเจ้าดัง NIKKO PUDDING TEI.","","2021-09-25 17:32:11",274,"2021-11-17 02:27:06",274,"2021-11-17 02:27:06",274
395,75," น้ำตกโอโตะโดโระ : มหัศจรรย์น้ำตกแห่งโทคุชิมะ ประเทศญี่ปุ่น","ทัวร์ญี่ปุ่น,เที่ยวญี่ปุ่น,รีวิวญี่ปุ่น,โทคุชิมะ,น้ำตกโอโตะโดโระ,ชิโกกุ","2021-09-27 05:05:33",265,"2021-09-27 06:30:15",265,NULL,NULL
396,50,"เมืองพนมเปญ ประเทศกัมพูชา","","2021-09-28 05:11:20",163,"2021-09-28 05:11:20",163,NULL,NULL
397,50,"เกาะรง สีหนุห์วิลล์ กัมพูชา","","2021-09-28 05:37:51",163,"2021-09-28 05:37:51",163,NULL,NULL
398,50,"จังหวัดกระบี่ น้ำสวย ทะเลใส","","2021-09-28 05:54:31",163,"2021-09-28 05:54:31",163,NULL,NULL
399,50,"เกาะหลีเป๊ะ มัลดีฟส์เมืองไทย","","2021-09-28 06:09:12",163,"2021-09-28 06:09:12",163,NULL,NULL
400,50,"เกาะกระดาน เกาะสวย เมืองตรัง","","2021-09-28 06:43:52",163,"2021-09-28 06:43:52",163,NULL,NULL
401,75,"สะพานเซโตะโอฮาชิและพิพิธภัณฑ์ : จังหวัดคางาวะ ประเทศญี่ปุ่น","ทัวร์ญี่ปุ่น,รีวิวญ๊่ปุ่น,ทัวร์เซโตะโอฮาชิ,เที่ยวโอเซโตะโอฮาชิ,เที่ยวคางาวะ,เที่ยวชิโกะคุ,คางาวะ,ชิโกะคุ,ญี่ปุ่น,ตั๋วเครื่องบินราคาถูก,ตั๋วเครื่องราคานักเรียน","2021-09-28 07:54:37",263,"2021-09-29 01:53:34",263,NULL,NULL
402,78,"...","","2021-09-29 09:18:51",274,"2021-09-29 10:31:59",274,"2021-09-29 10:31:59",274
403,50,"เที่ยวสุโขทัยได้ไปแล้วจะหลงรัก","","2021-09-29 09:28:29",163,"2021-09-29 09:28:29",163,NULL,NULL
404,78,"Shōrinzan Daruma-ji ต้นกำเนิดแห่งตุ๊กตาดารุมะ","ตุ๊กตาดารุมะ","2021-09-29 10:32:25",274,"2021-11-17 02:26:48",274,"2021-11-17 02:26:48",274
405,38,"เ ช ค อิ น เ ที่ ย ว เ ชี ย ง ใ ห ม่ | คาเฟ่เครื่องบินแอร์ไดมอน","","2021-09-29 14:57:32",111,"2021-09-29 14:57:32",111,NULL,NULL
406,50,"เมืองกาญจนบุรี  ธรรมชาติงาม น้ำตกสวย รวยน้ำใจ","","2021-10-01 05:45:35",163,"2021-10-01 06:10:57",163,NULL,NULL
407,50,"สิบสองปันนา ไทยในแดนจีน","","2021-10-04 03:45:58",163,"2021-10-04 03:45:58",163,NULL,NULL
409,50," มะละแหม่ง หรือ เมาะลำเลิง","","2021-10-04 05:02:19",163,"2021-10-04 05:02:19",163,NULL,NULL
410,50,"สังเวชนียสถาน ประเทศอินเดีย,เนปาล (พุทธสังเวชนียสถาน 4 ตำบล)","","2021-10-05 03:59:41",163,"2021-10-05 03:59:41",163,NULL,NULL
411,50,"วังเวียง กุ้ยหลินเมืองลาว","","2021-10-07 05:27:58",163,"2021-10-07 05:27:58",163,NULL,NULL
412,50,"โอซาก้า OSAKA JAPAN ","","2021-10-13 10:15:50",163,"2021-10-13 10:15:50",163,NULL,NULL
413,50,"จอร์เจียวิวยุโรป   ฟรีวีซ่าคนไทย","","2021-10-15 03:17:32",163,"2021-10-15 03:17:32",163,NULL,NULL
419,111,"ประเทศตุรกี ","","2021-10-15 06:50:48",371,"2021-10-15 06:50:48",371,NULL,NULL
420,105,"เที่ยวไต้หวัน แนะนำในที่เที่ยว ชอปปิ้ง กิน ดื่ม ที่ตลาดกลางคืนซื่อหลิน Shilin Night Market","เที่ยวไต้หวัน แนะนำในที่เที่ยว ชอปปิ้ง กิน ดื่ม ที่ตลาดกลางคืนซื่อหลิน Shilin Night Market,เที่ยวไต้หวัน,ตลาดกลางคืนซื่อหลิน,ของกินแนะนำที่ตลาดกลางคืนซื่อหลิน,ไต้หวัน,ไทเป,ตลาดกลางคืนซื่อหลิน (士林夜市; พินอิน: Shìlín Yèshì),ทัวร์ไต้หวันทีมทราเวลเซอร์วิส,ทัวร์จีน","2021-10-19 04:15:48",351,"2021-10-19 04:15:48",351,NULL,NULL
421,99,"มรดกโลกทางธรรมชาติ ‘จิ่วจ้ายโกว’  มณฑลเสฉวน","สวรรค์บนดิน,มณฑลเสฉวน,จิ่วจ้ายโกว,ทะเลสาบ หุบเขา ป่าไม้,ประเทศจีน","2021-10-20 06:56:21",344,"2021-10-20 06:56:21",344,NULL,NULL
422,50,"เมืองนารา ญี่ปุ่นกับไฮไลท์สถานที่ท่องเที่ยว","","2021-10-20 08:04:56",163,"2021-10-20 08:04:56",163,NULL,NULL
423,75,"How to 7 ขั้นตอน : ทำวัคซีนพาสปอร์ต พร้อมข้อมูลที่คุณควรรู้","","2021-10-20 08:29:48",263,"2021-10-20 08:29:48",263,NULL,NULL
424,50,"ราชอาณาจักรโมรอคโค (Kingdom of Morocco) ","","2021-10-21 03:00:34",163,"2021-10-21 03:00:34",163,NULL,NULL
425,111,"จอร์เจีย (Georgia) ","จอร์เจีย / สาธารณรัฐจอร์เจีย / ทวีปเอเชีย /เมืองหลวงทบิลิซี (Tbilisi) /นาริกาลา (Narikala) /ทะเลสาบทบิลิซี (Tbilisi Sea) /เมืองมิชเคห์ตา (Mtskheta) / Svetitskhoveli Cathedral / Samtavro Church and Monastery / Mtskhetis Jvari / แม่น้ำอักราวิ (Aragvi / แม่น้ำมิกวาริ (Mtkvari) / เมืองมิชเคห์ตา (Mtskheta) / Svetitskhoveli Cathedral Samtavro Church and Monastery /,Mtskhetis Jvari /เมืองโบราณอุพลิสชิเค (Uplistsikhe) /หมู่บ้านจูทา (Juta) /เมืองบนเทือกเขา คาซเบกิ (Kazbegi) / Gergeti Trinity Church / เมื","2021-10-21 04:58:40",371,"2021-10-21 05:35:44",371,NULL,NULL
426,78,"ชมโคเคีย บนเนินเขา ฮิตาชิซีไซด์ พาร์ค ประเทศญี่ปุ่น","TOKYO,JAPAN,Hitachi Park,Hitachinaka,Kochia","2021-10-21 16:39:24",274,"2021-10-21 18:18:00",274,NULL,NULL
427,139,"หมู่บ้านรักไทย (บ้านแม่ออ)","","2021-10-25 09:06:23",461,"2021-10-25 09:06:23",461,NULL,NULL
428,139,"ดอยภูคา จังหวัดน่าน","","2021-10-25 09:41:02",460,"2022-05-05 05:02:00",460,"2022-05-05 05:02:00",460
429,50,"วัดทักซัง ความงดงามในเมฆหมอกหิมาลัย ประเทศ ภูฏาน ","","2021-10-26 09:17:15",163,"2021-10-26 09:17:15",163,NULL,NULL
430,139,"7 เหตุผลที่ทำไมคุณต้องเที่ยวจอร์เจีย","","2021-10-27 07:06:17",461,"2021-10-27 07:06:17",461,NULL,NULL
437,111,"ประเทศสวิตเซอร์แลนด์ (Switzerland)","ประเทศสวิตเซอร์แลนด์ (Switzerland) / ยอดเขาจุงเฟรา (Jungfrau)  /  ยอดเขาแมทเธอร์ฮอร์น (Matterhorn) เซอร์แมท (Zermatt)  / ภูเขาพิลาทุส (Mount Pilatus) ตั้งอยู่ในเมือง Lucerne / สะพานไม้ชาเปล (Chapel Bridge) / ภูเขาพิลาทุส (Mount Pilatus) /   ทะเลสาบเจนีวา /","2021-11-02 05:26:35",371,"2021-11-02 06:04:35",371,NULL,NULL
438,26,"เที่ยวเซจู ยอดเขาซองซานอิลชุลบง","เที่ยวเกาหลี,เที่ยวเกาะเชจู,ยอดเขาซองซาน","2021-11-04 07:30:39",339,"2021-11-05 04:08:07",339,NULL,NULL
439,100,"เทศกาลดอกชิบะซากุระ Fuji Shibazakura Festival ที่ภูเขาไฟฟูจิ ประเทศญี่ปุ่น","","2021-11-04 07:43:55",324,"2021-11-04 07:43:55",324,NULL,NULL
440,26,"เที่ยวโซล หมู่บ้านบุกชอนฮันอก","หมู่บ้านบุกชอนฮันอก,หมู่บ้านบุคชอนฮันอ๊ก,คลองชองกเยชอน","2021-11-04 07:51:19",339,"2021-11-05 04:07:51",339,NULL,NULL
441,26,"เที่ยวมัณฑะเลย์ เจดีย์ชเวดากอง","เจดีย์ชเวดากอง,เที่ยวพม่า,เมืองดากอง","2021-11-04 07:54:40",339,"2021-11-05 04:07:37",339,NULL,NULL
442,26,"เที่ยวย่างกุ้ง เจดีย์มิงกุน","","2021-11-04 07:58:32",339,"2021-11-05 04:07:13",339,NULL,NULL
443,26,"เที่ยวฮอกไกโด ช้อปปิ้งชิบุย่า","","2021-11-04 08:00:51",339,"2021-11-05 04:06:54",339,NULL,NULL
444,26,"เที่ยวโตเกียว เมืองท่าเรือโอตารุ","","2021-11-04 08:03:25",339,"2021-11-05 04:06:36",339,NULL,NULL
445,26,"เที่ยวดานัง บานาฮิลล์","","2021-11-04 08:08:15",339,"2021-11-05 04:06:19",339,NULL,NULL
446,26,"เที่ยวซาปา ยอดเขาฟานซีปัน","","2021-11-04 08:28:02",339,"2021-11-05 04:06:01",339,NULL,NULL
447,50,"บานาฮิลล์ BA NA HILLS ดานัง นั่งกระเช้าลอยฟ้า สู่เมืองในฝัน","","2021-11-04 09:53:54",163,"2021-11-04 10:04:07",163,NULL,NULL
448,91,"ปราสาทโอซาก้า – Osaka Castle","โอซาก้า,ญี่ปุ่น,Osaka,Japan,ปราสาท","2021-11-10 09:05:46",328,"2021-11-10 09:05:46",328,NULL,NULL
449,91,"หมู่บ้านบุกชอนฮันอก (Bukchon Hanok Village) ","เกาหลี,Korea,หมู่บ้านบุกชอนฮันอก,ชุดฮันบก","2021-11-10 09:11:07",328,"2021-11-10 09:11:07",328,NULL,NULL
450,91,"กำแพงเมืองจีน จวียงกวน","เมืองจีน,กำแพงเมืองจีน,ปักกิ่ง,ประเทศจีน,กำแพงหมื่นลี้","2021-11-10 09:18:14",328,"2021-11-10 09:18:14",328,NULL,NULL
451,91,"โตเกียวทาวเวอร์ Tokyo Tower","Tokyo,โตเกียว,Japan,ญี่ปุ่น,Tokyo Tower","2021-11-10 11:28:14",328,"2021-11-10 11:28:14",328,NULL,NULL
452,91,"หมู่บ้านวัฒนธรรม ปูซาน กัมชอน (Busan Gamcheon Culture Village)","Busan,ปูซาน,Korea,เกาหลีใต้","2021-11-10 11:38:44",328,"2021-11-10 11:38:44",328,NULL,NULL
453,50,"ฮอยอัน ฉัน รักเธอ","","2021-11-11 05:08:30",163,"2021-11-11 05:33:19",163,NULL,NULL
454,98,"สาธารณรัฐไอร์แลนด์ ","ไอร์แลนด์,ยุโรป,เที่ยวยุโรป,เกาะไอร์แลนด์,ดับลิน","2021-11-16 08:34:44",320,"2021-11-16 08:34:44",320,NULL,NULL
455,98,"โปรตุเกส","โปรตุเกส,ลิสบอน","2021-11-16 09:21:31",320,"2021-11-16 09:21:31",320,NULL,NULL
456,98,"เที่ยว “เซี่ยงไฮ้” ","เซี่ยงไฮ้","2021-11-16 09:40:24",320,"2021-11-16 09:40:24",320,NULL,NULL
457,98,"ทัชมาฮาล (Taj Mahal)","อินเดีย,#ทัชมาฮาล,Taj Mahal","2021-11-16 10:08:50",320,"2021-11-16 10:08:50",320,NULL,NULL
458,50,"แคชเมียร์ (Kashmir) ประเทศอินเดีย","","2021-11-16 10:36:34",163,"2021-11-16 10:36:34",163,NULL,NULL
460,78,"ยุโรป","","2021-11-17 03:36:18",274,"2021-11-17 03:36:58",274,"2021-11-17 03:36:58",274
461,78,"10เมือง ยุโรป ที่เที่ยวหน้าหนาว","Cesky Krumlov,Tallinn,Estonia,ทาลลินน์,France,สตราสบูร์ก,Strasbourg,เรคยาวิก,Reykjavik,Iceland,โรวานีมี,Rovaniemi,Finland,อบิสโก,Abisko,Sweden,เบอร์เกน,Bergen,Norway,ฮัลล์สตัทท์,Hallstatt,Austria,อินส์บรูค,Innsbruck,เซอร์แม็ต,Zermatt,Switzerland,ยุโรป,europe","2021-11-17 10:25:52",274,"2021-11-17 11:43:09",274,NULL,NULL
462,78,"เช็คอิน10tower ในญี่ปุ่น ","Kobe Port Tower,Kobe,โกเบ,Tsutenkaku Tower,โอซาก้า,osaka,โกเบพอร์ตทาวเวอร์,ซึเทนคาคุทาวเวอร์,Landmark Tower,yogohama,โยโกฮาม่า,อาคารโยโกฮาม่าแลนด์มาร์คทาวเวอร์,Kyoto Tower,เกียวโต,kyoto,เกียวโตทาวเวอร์,Nagoya TV Tower,nagoya,japan,tour japan,เจแปน,ญี่ปุ่น,เที่ยวญี่ปุ่น,ท่องเที่ยวญี่ปุ่น,Tokyo Skytree,Tokyo,โตเกียว,Tokyo Tower,Goryokaku Tower,ฮอกไกโด,ฮาโกดาเตะ,Sapporo TV Tower,sapporo,ํซัปโปโร","2021-11-18 08:44:24",274,"2021-11-18 10:04:53",274,NULL,NULL
463,78,"ชม10เมืองน่าเที่ยว ในจอร์เจีย ","เมืองหลวงทบิลิซี,Tbilisi,จอร์เจีย,georgia,เที่ยวจอร์เจีย,ทะเลดำบาทูมิ,Batumi,บอร์โจมิ,Borjomi,เมสเตีย,Mestia,Ushduli,หมู่บ้านจูทา,Juta,Gudauri,เทือกเขาคาซเบกิ,Kazbegi,อุพลิสชิเค,Uplistsikhe","2021-11-18 17:52:40",274,"2021-11-18 18:34:54",274,NULL,NULL
464,78,"10นาที ท่องดินแดนแห่งไฟและน้ำแข็ง ไอซ์แลนด์ ","ไอซ์แลนด์,เที่ยวไอซ์แลนด์,iceland,อธีนาอินเตอร์กรุปทราเวล,Reykjavik,เรคยาวิท,ล่าแสงเหนือ","2021-11-19 16:06:42",274,"2021-11-20 02:23:22",274,NULL,NULL
465,78,"10เรื่องรู้ไว้ก่อนเที่ยวโซนเครื่องเล่น นินเทนโด USJ  ญี่ปุ่น","USJ,universal studios japan,japan,ทัวร์ญี่ปุ่น,เที่ยวญี่ปุ่น,เที่ยวโอซาก้า,osaka,Nintendo","2021-11-20 06:48:24",274,"2021-11-20 09:39:06",274,NULL,NULL
466,78,"10 เรื่องควรรู้ก่อนเที่ยวมัลดีฟส์","มัลดีฟส์,maldive,เที่ยวมัลดีฟส์,ทัวร์มัลดีฟส์,อธีนา อินเตอร์ กรุป ทราเวล","2021-11-22 06:45:49",274,"2021-11-22 06:45:49",274,NULL,NULL
467,78,"เที่ยวมัลดีฟส์มีเงื่อนไขอะไรบ้าง","","2021-11-22 09:55:55",274,"2021-11-22 09:55:55",274,NULL,NULL
468,78,"10 เรื่องรู้ก่อนเข้างาน WORLD EXPO DUBAI 2020 ","","2021-11-25 09:19:30",274,"2021-11-26 12:03:43",274,"2021-11-26 12:03:43",274
469,78,"5 ปราสาท ในการ์ตูนดิสนีย์ มีอยู่จริง ","","2021-12-01 07:57:30",274,"2021-12-01 07:57:30",274,NULL,NULL
470,100,"หนาวนี้ขึ้นดอย กอดภูเขา จิบกาแฟชมธรรมชาติ ""ดอยผาฮี้-ดอยผาตั้ง จ.เชียงราย""","","2021-12-06 08:01:45",326,"2021-12-06 08:05:22",326,NULL,NULL
471,5," 10 สถานที่สุดแปลกที่น่าสนใจทั่วทุกมุมโลก","","2021-12-09 04:22:43",151,"2021-12-09 04:22:43",151,NULL,NULL
472,5,"10 ที่เที่ยวในอิตาลี","","2021-12-09 07:10:04",151,"2021-12-09 07:10:04",151,NULL,NULL
473,5,"10 ที่เที่ยวจอร์เจีย","","2021-12-09 07:18:02",151,"2021-12-09 07:18:02",151,NULL,NULL
474,5,"20 ที่เที่ยวพังงา","","2021-12-09 09:16:27",151,"2021-12-09 09:16:27",151,NULL,NULL
475,5,"20 ที่เที่ยวชุมพร","","2021-12-09 09:32:08",151,"2021-12-09 09:32:08",151,NULL,NULL
476,5,"10 ที่เที่ยวต่างประเทศสุดฮิต","","2021-12-09 09:44:20",151,"2021-12-09 09:44:20",151,NULL,NULL
477,5,"10 สวนสัตว์น่าเที่ยวในญี่ปุ่น","","2021-12-09 09:50:02",151,"2021-12-09 09:50:02",151,NULL,NULL
478,5,"13 ข้อแนะนำก่อนเดินทางไปต่างประเทศในช่วงโควิด","","2021-12-09 09:57:06",151,"2021-12-09 09:57:06",151,NULL,NULL
479,38,"วัดสวย เขาค้อ ""วัดพระธาตุผาซ่อนแก้ว"" ที่เที่ยวเพชรบูรณ์ ไหว้พระกลางภูเขาสวย","","2021-12-14 06:35:45",111,"2021-12-14 06:35:45",111,NULL,NULL
480,38,"ไหว้พระ ขอพร เสริมบุญ สักการะ ท้าวเวสสุวรรณ | วัดจุฬามณี ที่เที่ยวสมุทรสงคราม","","2021-12-16 07:08:52",111,"2021-12-16 07:08:52",111,NULL,NULL
481,27,"เซี่ยงไฮ้ (Shanghai) เที่ยวจีน","","2021-12-23 10:56:37",76,"2021-12-23 10:56:37",76,NULL,NULL
482,27," ภูเขาหิมะมังกรหยก (Jade Dragon Snow Mountain) ","","2021-12-27 09:18:04",76,"2021-12-27 09:18:04",76,NULL,NULL
483,75,"Smile River Side : เรือลำใหม่ สไตล์ New Normal สุดหรู บุฟเฟต์กุ้งเผา บาร์บีคิวไม่อั้น!!","ทัวร์กรุงเทพ,เที่ยวกรุงเทพ,รีวิวกรุงเทพ,ล่องเรือ,แพคเกจกรุงเทพ,ตั๋วเรือราคาถูก","2022-01-04 05:27:24",263,"2022-01-04 05:27:24",263,NULL,NULL
484,139,"มนต์เสน่ห์ เบตง ","","2022-01-13 08:31:58",460,"2022-05-05 05:01:42",460,"2022-05-05 05:01:42",460
485,75,"จุด Check in 12 ที่เที่ยวน่าน : ทัวร์เที่ยวไทย ต้องไปน่าน...แล้วปะหล่ะ","ทัวร์เที่ยวไทย,ทัวร์น่าน,รวมทัวร์ไทยทั้งตลาด,รีวิว12ที่เที่ยวน่าน,ทัวร์ไทยปี 2564-2565","2022-01-19 10:31:10",263,"2022-01-19 10:31:10",263,NULL,NULL
488,139,"ดินแดนแห่งศรัทธา ถ้ำนาคา","","2022-01-20 10:51:21",460,"2022-01-20 10:51:21",460,NULL,NULL
489,75,"เรือคุณแม่ : ชมวิวแม่น้ำเจ้าพระยา พร้อมอาหารสุดจึ้ง ล่องเรือสำราญสุดหรูไปกับเรือคุณแม่","","2022-01-24 10:25:29",263,"2022-01-25 02:18:15",263,NULL,NULL
490,50,"เที่ยวไทย เกาะหลีเป๊ะ สตูล","","2022-01-28 10:04:15",163,"2022-01-28 10:04:15",163,NULL,NULL
491,50,"เที่ยวไทย เบตง ใต้สุดแดนสยาม ","","2022-01-28 10:41:25",163,"2022-01-28 10:42:04",163,NULL,NULL
492,75,"เสาดินนาน้อย : Unseen น่าน..ความงามที่ธรรมชาติรังสรรค์ !","","2022-02-01 07:12:01",263,"2022-02-01 07:12:01",263,NULL,NULL
493,75,"คอกเสือ : Unseen .. หุบผางาม ณ อุทยานแห่งชาติศรีน่าน","","2022-02-02 02:20:37",263,"2022-02-02 02:20:37",263,NULL,NULL
494,75,"Skywalk Yala : ทะเลหมอกอัยเยอร์เวง บอกรักสายหมอก@เบตง","","2022-02-02 09:56:01",263,"2022-02-03 03:11:41",263,"2022-02-03 03:11:41",263
495,75,"Skywalk Yala : ทะเลหมอกอัยเยอร์เวง บอกรักสายหมอก@เบตง","","2022-02-03 03:57:40",263,"2022-02-03 03:57:40",263,NULL,NULL
496,75,"พิกัดน่าน : วัดบ่อแก้ว สิ่งศักดิ์สิทธิ์คู่บ้านคู่เมือง","","2022-02-03 09:23:25",263,"2022-02-03 09:23:25",263,NULL,NULL
497,75,"สะปัน : หยุดเวลา หยุดหัวใจ ไว้ที่น่าน @หยุดเวลาคาเฟ่","","2022-02-04 04:23:02",263,"2022-02-04 04:23:02",263,NULL,NULL
498,75,"วัดพระธาตุเขาน้อย : วัดสวย เมืองน่าน","","2022-02-04 07:44:52",263,"2022-02-04 07:44:52",263,NULL,NULL
499,75,"กระซิบรักบันลือโลก : วัดภูมินทร์ ถิ่นเมืองน่าน","","2022-02-07 09:21:38",263,"2022-02-07 09:21:38",263,NULL,NULL
500,75,"วัดภูเก็ต : มนต์เสน่ห์ @ น่าน","","2022-02-07 09:35:07",263,"2022-02-08 05:01:44",263,NULL,NULL
501,75,"วัดพระธาตุเบ็งสกัด วัดเก่าแก่ อ.ปัว จ.น่าน","","2022-02-08 08:23:42",263,"2022-02-08 08:23:42",263,NULL,NULL
502,75,"Erabica Coffee : กาแฟน่าน กาแฟดี มีคุณภาพ","","2022-02-09 09:30:22",263,"2022-02-09 09:30:22",263,NULL,NULL
503,75,"ถนนคนเดิน วัดภูมินทร์ @ น่าน","","2022-02-09 10:27:56",263,"2022-02-09 10:27:56",263,NULL,NULL
504,75,"พระพุทธมงคลมหาราช : จุดชมวิวหาดใหญ่ สงขลา","ทัวร์หาดใหญ่,เที่ยวหาดใหญ่,ทัวร์สงขลา,เที่ยวสงขลา,พระพุทธมงคลมหาราช","2022-02-23 02:23:15",263,"2022-02-23 02:23:15",263,NULL,NULL
505,75,"ป้าย OK BETONG : ถ่ายรูปเช็คอิน","","2022-02-23 03:02:46",263,"2022-02-23 03:02:46",263,NULL,NULL
506,75,"Cable car HATYAI: กระเช้าลอยฟ้าแห่งแรกของไทย","","2022-02-23 04:53:10",263,"2022-02-23 04:53:10",263,NULL,NULL
507,75,"มัสยิดกลางดิย์นุลอิสลาม : ทัชมาฮาลเมืองไทย ณ สงขลา","","2022-02-24 07:34:52",263,"2022-02-24 07:34:52",263,NULL,NULL
508,75,"อุโมงค์เบตงมงคลฤทธิ์ : อุโมงค์รถยนต์ลอดภูเขาแห่งแรกของประเทศไทย","","2022-02-24 07:41:46",263,"2022-02-24 07:41:46",263,NULL,NULL
509,75,"สะพานเกาะหมาก-ปากพะยูน จ.พัทลุง","","2022-02-24 07:45:01",263,"2022-02-24 07:45:01",263,NULL,NULL
510,75,"ไหว้พระนอน ณ วัดรัตนาราม จ.พัทลุง","","2022-02-24 07:49:09",263,"2022-02-24 07:49:09",263,NULL,NULL
511,75,"มายะลา...ไม่พลาดชม : Street Arts Betong","","2022-02-28 05:44:50",263,"2022-02-28 05:44:50",263,NULL,NULL
512,75,"วัดเกาะโคบ Unseen thailand จ.พัทลุง","รวมทัวร์,พัทลุง,วัดเกาะโคบ,ตำบลเกาะหมาก,เที่ยวไทย","2022-02-28 08:21:05",263,"2022-02-28 08:21:05",263,NULL,NULL
513,75,"เทศกาลงานเที่ยวเมืองไทย 2565 : โซนภาคใต้","","2022-02-28 08:56:43",263,"2022-02-28 08:56:43",263,NULL,NULL
514,78,"รู้จัก ยูเครน (Ukraine) แดนวัฒนธรรมยุโรปตะวันออก อารายธรรมชาวสลาฟ","ยูเครน,ทัวร์ต่างประเทศ,Chernobyl,เทือกเขาคาร์เพเทียน,กรุงเคียฟ,Kiev,Ukraine","2022-03-02 09:35:32",274,"2022-03-02 09:35:32",274,NULL,NULL
515,92,"ล่องเรือเจ้าพระยา ใหม่ล่าสุด Smile Riverside วิวดี ถ่ายรูปสวย ซีฟู้ด กุ้งเผาตัวใหญ่ น้ำจิ้มแซ่บ !","ล่องเรือเจ้าพระยา บุฟเฟ่ต์ 2022,ล่องเรือเจ้าพระยา เจ้าไหนดี 2022,ล่องเรือเจ้าพระยา เจ้าไหนดี,ล่องเรือเจ้าพระยา ไอคอนสยาม,ล่องเรือเจ้าพระยา 2565,ล่องเรือ : ไอคอนสยาม 2565,ล่องเรือไอคอนสยาม 2022,ล่องเรือดินเนอร์ เจ้าไหนดี","2022-03-03 07:01:02",335,"2022-03-03 07:05:23",335,NULL,NULL
516,92,"ล่องเรือดินเนอร์ Chaophraya Princess เรือหรูหรา บรรยากาศดี บุฟเฟ่ต์พรีเมี่ยม ดนตรีสดฟังสบาย","ล่องเรือเจ้าพระยา บุฟเฟ่ต์ 2022,ล่องเรือเจ้าพระยา เจ้าไหนดี 2022,ล่องเรือเจ้าพระยา เจ้าไหนดี,ล่องเรือเจ้าพระยา ไอคอนสยาม,ล่องเรือเจ้าพระยา 2565,ล่องเรือ : ไอคอนสยาม 2565,ล่องเรือไอคอนสยาม 2022,ล่องเรือดินเนอร์ เจ้าไหนดี","2022-03-03 09:04:38",335,"2022-03-03 09:04:38",335,NULL,NULL
517,92,"ล่องเรือเจ้าพระยาบุฟเฟ่ต์ 2022 Meridian Cruise ซีฟู้ดจัดเต็ม แซลมอนสดๆ ดูโชว์อลัง ฟังดนตรีสดเพราะๆ","ล่องเรือเจ้าพระยา บุฟเฟ่ต์ 2022,ล่องเรือเจ้าพระยา เจ้าไหนดี 2022,ล่องเรือเจ้าพระยา เจ้าไหนดี,ล่องเรือเจ้าพระยา บุฟเฟ่ต์ 2022 เจ้าไหนดี,ล่องเรือเจ้าพระยา 2565,ล่องเรือ : ไอคอนสยาม 2565","2022-03-03 09:50:15",335,"2022-03-03 10:01:46",335,NULL,NULL
518,75,"ทัวร์พัทลุง : ชมดาว ลานยอ ณ เกาะหมาก","","2022-03-04 02:37:00",263,"2022-03-04 02:37:00",263,NULL,NULL
519,75,"สตูล : unseen เกาะเขาใหญ่ เที่ยวเมืองไทย amazing ยิ่งกว่าเดิม","","2022-03-04 02:51:44",263,"2022-03-04 02:51:44",263,NULL,NULL
520,75,"ยะลา : ผ่อนคลายสบายใจ @บ่อน้ำร้อนเบตง","","2022-03-07 02:44:30",263,"2022-03-07 02:44:30",263,NULL,NULL
521,149,"5 สถานที่ศักดิ์สิทธิ์พม่า","","2022-03-07 07:11:20",485,"2022-03-07 07:11:20",485,NULL,NULL
530,75,"เจ้าแม่ลิ้มกอเหนี่ยว @หาดใหญ่","","2022-03-10 02:21:59",263,"2022-03-10 02:21:59",263,NULL,NULL
531,75,"เทศกาลงานเที่ยวเมืองไทย 2565 : โซนภาคอีสาน ","","2022-03-10 03:03:37",263,"2022-03-10 03:03:37",263,NULL,NULL
532,75,"สวนหมื่นบุปผา : ที่นี่เบตง เมืองในหมอก ดอกไม้งาม","","2022-03-11 06:43:51",263,"2022-03-11 06:43:51",263,NULL,NULL
533,149,"????เกาหลีใต้ ไฟเขียว เข้าประเทศไม่ต้องกักตัว????","","2022-03-14 02:51:11",485,"2022-03-14 02:51:31",485,"2022-03-14 02:51:31",485
534,75,"ทัวร์กรุงเทพ : รวมพลเกษตรกรวัยเก๋าแห่งพิจิตรกับภารกิจท่องแดนศิวิไลซ์","","2022-03-21 05:31:16",263,"2022-03-21 05:31:16",263,NULL,NULL
535,152,"เวียดนาม ","","2022-04-12 00:52:13",494,"2022-04-12 00:52:13",494,NULL,NULL
536,152,"ตุรกี ","","2022-04-12 00:54:38",494,"2022-04-12 00:54:38",494,NULL,NULL
537,152,"จอร์เจีย","","2022-04-14 02:01:11",494,"2022-04-14 02:01:11",494,NULL,NULL
542,152,"เกาหลี ","","2022-04-14 04:24:44",494,"2022-04-14 04:24:44",494,NULL,NULL
543,152,"เกาะเชจู ","","2022-04-14 04:51:15",494,"2022-05-16 03:15:01",495,NULL,NULL
544,78,"7 ขั้นตอนกรอก K-ETA เข้าเกาหลีใต้","เกาหลี","2022-04-15 09:37:42",274,"2022-12-03 07:42:59",274,NULL,NULL
545,149,"รูจักกับมัลดีฟ","","2022-04-22 04:37:13",485,"2022-04-22 04:37:13",485,NULL,NULL
546,149,"ยกเลิกตรวจหาเชื้อโควิดเข้าไทย","","2022-04-22 07:10:46",485,"2022-04-22 07:10:46",485,NULL,NULL
547,149,"เข้าสิงคโปร์ไม่ต้องตรวจ Atk","","2022-04-26 08:01:44",485,"2022-04-26 08:01:44",485,NULL,NULL
548,139,"เที่ยวเมืองยุโรปแห่งเอเซีย นั่งกระเช้าลอยฟ้าที่ยาวที่สุดในโลก","","2022-05-05 05:07:19",460,"2022-05-05 05:07:19",460,NULL,NULL
549,75,"บานาฮิลล์ : สะพานมือยักษ์ เที่ยวเวียดนามสไตล์ฝรั่งเศษ","ทัวร์เวียดนาม,รีวิวเวียดนาม,เที่ยวเวียดนาม,แพคเกจเวียดนาม,บานาฮิลล์,ดานัง,สะพานมือยักษ์,Golden bridge,ทัวร์บานาฮิลล์,เที่ยวบานาฮิลล์,รีวิวบานาฮิลล์,เที่ยวดานัง,ทัวร์ดานัง,แพคเกจดานัง,รีวิวดานัง","2022-05-18 08:12:38",263,"2022-05-19 07:34:48",263,NULL,NULL
550,75,"เบตง บินตรง นกแอร์","ทัวร์ยะลา,รีวิวยะลา,เที่ยวยะลา,แพคเกจยะลา,ทัวร์เบตง,รีวิวเบตง,เที่ยวเบตง,แพคเกจเบตง,นกแอร์,หอนาฬิกาเมืองเบตง,ตู้ไปรษณีย์เบตง,อุโมงค์เบตงมงคลฤทธิ์,วัดพุทธาธิวาส,ร้านอาหารหวายร้อยลี้,Suvarna-rasa,ป้ายใต้สุดสยาม","2022-05-19 08:03:10",263,"2022-05-19 10:55:14",263,NULL,NULL
551,78,"รู้จักจอร์เจีย ก่อนเดินทาง ","","2022-05-19 09:34:58",274,"2022-05-19 09:34:58",274,NULL,NULL
553,75,"ดานัง : สายมูต้องมา ไหว้เจ้าแม่กวนอิม ที่วัดหลินอึ๋ง","ทัวร์เวียดนาม,เที่ยวเวียดนาม,รีวิวเวียดนาม,แพคเกจเวียดนาม,วัดหลินอึ๋ง,แหลมเซินตร่า,ดานัง,ทัวร์วัดหลินอึ๋ง,แพคเกจวัดหลินอึ๋ง,เที่ยววัดหลินอึ๋ง,รีวิววัดหลินอึ๋ง","2022-05-24 07:39:43",263,"2022-05-24 07:39:43",263,NULL,NULL
554,117,"Faberge'  Museum   พิพิธภัณฑ์ฟาร์แบเชย์","","2022-05-26 08:32:09",383,"2022-05-26 08:32:09",383,NULL,NULL
555,75,"ฮอยอัน : นั่งเรือกระด้ง มุดดงไผ่","ทัวร์เวียดนาม,เที่ยวเวียดนาม,รีวิวเวียดนาม,แพคเกจเวียดนาม,เรือกระด้ง,ฮอยอัน,แพคเกจฮอยอัน,ทัวร์ฮอยอัน,รีวิวฮอยอัน","2022-05-26 09:04:06",263,"2022-05-26 09:04:06",263,NULL,NULL
556,75,"ดานัง : ถ่ายรูปชิคๆวิวมังกรพ่นไฟ ที่สะพานมังกร","ทัวร์เวียดนาม,เที่ยวเวียดนาม,รีวิวเวียดนาม,แพคเกจเวียดนาม,สะพานมังกร,dragonbridge,RongCao,ดานัง,ทัวร์ดานัง,เที่ยวดานัง,รีวิวดานัง,แพคเกจดานัง","2022-05-31 05:00:04",263,"2022-05-31 05:07:00",263,NULL,NULL
557,155,"10 ปัจจัย จุดประกายไฟให้ออกไปท่องเที่ยว","","2022-05-31 05:01:30",505,"2022-05-31 05:01:30",505,NULL,NULL
558,75,"ฮอยอัน : เมืองโบราณฮอยอัน มรดกทางวัฒนธรรม","ทัวร์เวียดนาม,เที่ยวเวียดนาม,แพคเกจเวียดนาม,รีวิวเวียดนาม,ทัวร์ฮอยอัน,เที่ยวฮอยอัน,แพคเกจฮอยอัน,รีวิวฮอยอัน,เมืองโบราณฮอยอัน,แม่น้ำทูโบน,วัดฟุกเกี๊ยน,สะพานญี่ปุ่น","2022-05-31 07:29:15",263,"2022-05-31 07:29:15",263,NULL,NULL
559,149,"ยกเลิก thailand pass","","2022-06-02 04:31:34",485,"2022-06-02 04:31:34",485,NULL,NULL
560,149,"Blue Moon Velley เมืองลี่เจียง","","2022-06-06 08:38:10",484,"2022-06-06 08:38:10",484,NULL,NULL
561,155,"เที่ยวน้ำตกอย่างไร? ให้ปลอดภัยในฤดูฝน...","","2022-06-13 08:12:53",505,"2022-06-13 08:12:53",505,NULL,NULL
562,149,"ข้อมูลน่ารู้ก่อนเดินทางเที่ยวมัลดีฟส์","","2022-06-14 07:59:42",484,"2022-06-14 07:59:42",484,NULL,NULL
563,149,"แจกจริง!  2 รางวัล  บัตรล่องเรือรับประทานอาหาร","","2022-06-29 08:34:07",484,"2022-06-29 08:40:02",484,NULL,NULL
565,149,"โปรโมชั่นล่องเรือดินเนอร์ แม่น้ำเจ้าพระยา เริ่มต้นแค่ 667 บาท!!!","","2022-06-30 07:57:02",484,"2022-06-30 08:14:38",484,NULL,NULL
566,149,"ล่องเรือสำราญ Resort World Cruise หรือ Genting Dream Cruise ลำใหญ่ที่สุดในเอเชีย","","2022-07-06 04:34:15",484,"2022-07-06 04:34:15",484,NULL,NULL
567,75,"ปราสาทมัตสึโมโตะ : ปราสาทอีกาแห่งนากาโนะ (Matsumoto Castle, Nagano)","ทัวร์ญี่ปุ่น,เที่ยวญี่ปุ่น,รีวิวญี่ปุ่น,แพคเกจญี่ปุ่น,ปราสาทมัตสึโมโตะ,แพคเกจปราสาทมัตสึโมโตะ,ทัวร์ปราสาทมัตสึโมโตะ,รีวิวปราสาทมัตสึโมโตะ","2022-07-08 03:42:34",263,"2022-07-08 03:42:34",263,NULL,NULL
568,75,"Nagano: เที่ยวสวนลิงจิโกคุดานิ “Jigokudani Monkey Park”","ทัวร์ญี่ปุ่น,เที่ยวญี่ปุ่น,รีวิวญี่ปุ่น,แพคเกจญี่ปุ่น,อุทยานลิงจิโกคุดานิ,แพคเกจอุทยานลิงจิโกคุดานิ,ทัวร์อุทยานลิงจิโกคุดานิ,รีวิวจิโกคุดานิ","2022-07-08 09:48:47",263,"2022-07-08 09:48:47",263,NULL,NULL
569,75,"Daio Wasabi Farm : เที่ยวไร่วาซาบิไดโอะ ไร่วาซาบิที่ใหญ่ที่สุดในญี่ปุ่น ","ทัวร์ญี่ปุ่น,เที่ยวญี่ปุ่น,รีวิวญี่ปุ่น,แพคเกจญี่ปุ่น,ไร่วาซาบิไดโอะ,แพคเกจไร่วาซาบิไดโอะ,ทัวร์ไร่วาซาบิไดโอะ,รีวิวไร่วาซาบิไดโอะ","2022-07-11 10:21:29",263,"2022-07-12 07:34:13",263,"2022-07-12 07:34:13",263
570,75,"Daio Wasabi Farm : เที่ยวไร่ไดโอะวาซาบิ นากาโนะ ไร่วาซาบิที่ใหญ่ที่สุดในญี่ปุ่น ","ทัวร์ญี่ปุ่น,เที่ยวญี่ปุ่น,รีวิวญี่ปุ่น,แพคเกจญี่ปุ่น,ไร่วาซาบิไดโอะ,แพคเกจไร่วาซาบิไดโอะ,ทัวร์ไร่วาซาบิไดโอะ,รีวิวไร่วาซาบิไดโอะ","2022-07-12 07:28:23",263,"2022-07-12 07:28:23",263,NULL,NULL
571,75,"สุวะ ไทฉะ : หนึ่งในศาลเจ้าที่เก่าแก่ที่สุดในญี่ปุ่น จังหวัดนากาโนะ","ทัวร์ญี่ปุ่น,เที่ยวญี่ปุ่น,รีวิวญี่ปุ่น,แพคเกจญี่ปุ่น,ศาลเจ้าสุวะ ไทฉะ,แพคเกจศาลเจ้าสุวะ ไทฉะ,รีวิวศาลเจ้าสุวะ ไทฉะ,ทัวร์ศาลเจ้าสุวะ ไทฉะ","2022-07-12 08:00:44",263,"2022-07-12 08:00:44",263,NULL,NULL
572,149,"ข้อมูลการทำหนังสือเดินทาง อัพเดทปี 2565","","2022-07-12 08:09:14",484,"2022-08-30 04:55:23",482,NULL,NULL
573,149,"อัพเดทสถานที่ทำพาสปอร์ต ปี 2565","","2022-07-12 10:25:22",485,"2022-07-14 02:18:46",485,NULL,NULL
574,78,"รายละเอียด pocket wifi  & travel sim  สำหรับใช้งานต่างประเทศ ","","2022-07-12 14:40:40",274,"2022-07-18 07:38:55",274,"2022-07-18 07:38:55",274
576,75,"วัดเซนโคจิ : วัดพุทธเก่าแก่ จังหวัดนากาโนะ","","2022-07-14 09:31:00",263,"2022-07-14 09:31:00",263,NULL,NULL
577,102,"เที่ยวต่างประเทศยังไงไม่ให้พัง และต้องปังตลอดทริป!","ทัวร์,ทัวร์ต่างประเทศ,ทัวร์ญี่ปุ่น,เที่ยวต่างประเทศ,ทัวร์เกาหลี,ทัวร์เวียดนาม","2022-07-15 02:00:01",332,"2022-07-15 02:00:01",332,NULL,NULL
578,75,"VIETNAM VINPEARL SAFARI : สวนสัตว์แห่งฟูโกว๊ก","ทัวร์เวียดนาม,เที่ยวเวียดนาม,รีวิวเวียดนาม,แพคเกจเวียดนาม,สวนสัตว์แห่งฟูโกว๊ก,แพคเกจสวนสัตว์แห่งฟูโกว๊ก,ทัวร์สวนสัตว์แห่งฟูโกว๊ก,รีวิวสวนสัตว์แห่งฟูโกว๊ก","2022-07-15 09:06:37",263,"2022-07-15 09:06:37",263,NULL,NULL
579,75,"THE CAFE APARTMENT : คาเฟ่อพาร์ทเมนท์สุดชิค ที่เมืองโฮจิมินห์ ประเทศเวียดนาม","ทัวร์เวียดนาม,เที่ยวเวียดนาม,รีวิวเวียดนาม,แพคเกจเวียดนาม,คาเฟ่อพาร์ทเมนท์,แพคเกจคาเฟ่อพาร์ทเมนท์,ทัวร์คาเฟ่อพาร์ทเมนท์,รีวิวคาเฟ่อพาร์ทเมนท์","2022-07-15 09:49:10",263,"2022-07-15 09:49:10",263,NULL,NULL
580,75,"อควาเรียม : ความสนุกขนาดใหญ่แห่งเกาะฟูโกว๊ก เวียดนาม","ทัวร์เวียดนาม,เที่ยวเวียดนาม,รีวิวเวียดนาม,แพคเกจเวียดนาม,อควาเรียม,แพคเกจอควาเรียม,ทัวร์อควาเรียม,รีวิวอควาเรียม","2022-07-15 10:22:41",263,"2022-12-30 02:52:26",263,NULL,NULL
581,75,"Grand World : สถานที่ท่องเที่ยวแหล่งรวมความบันเทิงที่มาฟูโกว๊กต้องมาชม","ทัวร์เวียดนาม,เที่ยวเวียดนาม,รีวิวเวียดนาม,แพคเกจเวียดนาม,Grand World Phu Quoc,แพคเกจGrand World Phu Quoc,ทัวร์Grand World Phu Quoc,รีวิวGrand World Phu Quoc","2022-07-18 03:38:14",263,"2022-07-18 03:44:16",263,NULL,NULL
582,149,"เที่ยวเกาหลี 2022 ลงทะเบียน K-ETA อย่างไร","","2022-07-18 11:01:18",484,"2022-07-18 11:01:18",484,NULL,NULL
583,78,"UPDATE! 2022 ประเทศที่คนไทยเดินทางได้ไม่ต้องขอวีซ่า ","","2022-08-09 08:20:14",274,"2022-08-09 08:20:14",274,NULL,NULL
584,78,"14 หัวปลั๊ก ทั่วโลก เตรียมให้พร้อม ก่อนออกเดินทาง ","ปลั๊กไฟ,ปลั๊กไฟยุโรป,ปลั๊กท่องเที่ยว,ปลั๊กไฟType A,ปลั๊กไฟ Type B,ปลั๊กไฟ Type C,ปลั๊กไฟ Type D,ปลั๊กไฟ Type E,ปลั๊กไฟ Type F,ปลั๊กไฟ Type H,ปลั๊กไฟ Type K,ปลั๊กไฟ Type I,ปลั๊กไฟ Type M,ปลั๊กไฟ Type N,ปลั๊กไฟ Type G,ปลั๊กไฟ Type L","2022-08-10 11:41:53",274,"2022-08-10 12:06:40",274,NULL,NULL
585,149,"อัพเดทข้อมูลการเดินทางเข้าไต้หวัน","","2022-08-17 09:08:39",484,"2022-08-17 09:08:39",484,NULL,NULL
586,149,"มาตราการเดินทางเข้าญี่ปุ่น เดินทางท่องเที่ยวญี่ปุ่นต้องเดินทางกับบริษัททัวร์เท่านั้น!!","","2022-08-19 09:35:34",484,"2022-08-19 09:35:34",484,NULL,NULL
587,50,"5 ประเทศแถบสแกนดิเนเวีย กลุ่มประเทศในฝันของนักเดินทางทั่วโลก","","2022-09-06 05:13:17",163,"2022-09-06 05:13:17",163,NULL,NULL
588,145,"จอร์เจีย Georgia","","2022-09-07 08:18:00",477,"2022-09-07 08:18:00",477,NULL,NULL
589,149,"บานาฮิลล์ (Bana Hills) เมืองฝรั่งเศสแห่งเวียดนาม","","2022-09-13 06:12:57",485,"2022-09-13 06:20:02",485,NULL,NULL
590,149,"ไต้หวันประกาศฟรีวีซ่าตั้งแต่ 29 กันยายน 2565","","2022-09-26 03:34:28",484,"2022-09-26 03:34:28",484,NULL,NULL
591,50,"บานาฮิลล์ BANAHILLS  ดานัง เวียดนามกลาง ","","2022-09-26 10:38:15",163,"2022-09-26 10:38:15",163,NULL,NULL
592,78,"เตรียมตัวก่อนเดินทางท่องเที่ยวสิงคโปร์","สิงคโปร์,ท่องเที่ยวสิงคโปร์,ทัวร์สิงคโปร์,singapore","2022-10-04 17:37:16",274,"2022-10-04 19:00:08",274,NULL,NULL
593,78,"อัปเดตที่เที่ยวสิงคโปร์  2022 ","","2022-10-04 19:37:20",274,"2022-10-04 19:37:20",274,NULL,NULL
594,78,"สวนสนุก Wolmi Theme Park  ใกล้โซล ณ เมืองอินชอน ประเทศเกาหลีใต้ ","Incheon,Korea,Wolmi Theme Park,ที่เที่ยวต่างประเทศ,ที่เที่ยวอินชอน,ที่เที่ยวเกาหลี,ที่เที่ยวเอเชีย,ทัวร์เกาหลี,ประเทศเกาหลีใต้,สวนสนุกวอลมิ,อินชอน,เกาหลี,เอเชีย","2022-10-10 11:37:25",274,"2022-10-10 16:00:51",274,NULL,NULL
595,75,"ขอบคุณคุณลูกค้า บริษัทเพ็ชรพิชัยการเกษตร ทัวร์ญี่ปุ่น Kawaii Kyushu 6-10 Oct’22","","2022-10-11 04:52:37",263,"2022-10-17 08:45:08",263,"2022-10-17 08:45:08",263
596,75,"ปราสาทสึรุงะ : ปราสาทนกกระเรียนที่เก่าแก่แห่งฟุกุชิมะ และชมใบไม้เปลี่ยนสี","","2022-10-20 03:56:05",263,"2022-10-20 03:56:05",263,NULL,NULL
597,149,"กลับมาแล้วว!! ขบวนรถไฟลอยน้ำสุดโรแมนติก  กลางเขื่อนป่าสักชลสิทธิ์ เปิดบริการทุกเสาร์ - อาทิตย์ เริ่มเที่ยวแรก 5 พ.ย. 65","","2022-11-03 08:13:53",565,"2022-11-03 10:24:39",484,NULL,NULL
598,149,"อัพเดท จุดตรวจ โควิด-19 ที่สนามบินสุวรรณภูมิ, สนามบินดอนเมือง, สนามบินเชียงใหม่","","2022-11-10 07:30:26",565,"2022-11-10 07:30:26",565,NULL,NULL
599,75,"ฮอกไกโด : เช็คลิสต์ที่เที่ยวฤดูหนาว ที่ไม่ควรพลาด","","2022-11-16 09:56:37",263,"2022-11-16 09:56:37",263,NULL,NULL
600,73,"ทะเลหมอกอัยเยอร์เวง เบตง ยะลา","","2022-11-27 15:08:20",254,"2022-11-27 15:08:20",254,NULL,NULL
601,73,"Penang Street Art Malaysia","","2022-11-27 15:25:33",254,"2022-11-27 15:25:33",254,NULL,NULL
602,149,"แนะนำที่เที่ยวไทยรับลมหนาว ส่งท้ายปี อย่าได้พลาดความฟิน เอฟชุดไปฟินกันกับบรรยากาศดีๆ ปลายปี-ต้นปี","","2022-12-06 03:12:37",565,"2022-12-06 03:12:37",565,NULL,NULL
603,75,"รีวิวขอบคุณ กรุ๊ป Kawaii  Kyushu  ทัวร์ญี่ปุ่น 15-19 Nov' 22 ","","2022-12-07 10:27:27",263,"2022-12-08 03:33:59",263,"2022-12-08 03:33:59",263
604,75,"Switzerland : ธารน้ำแข็ง Aletsch Glacier ที่ใหญ่ในเทือกเขาแอลป์ในช่วงฤดูร้อน","","2022-12-20 10:17:06",263,"2022-12-20 10:17:06",263,NULL,NULL
605,149,"ประเทศน่าเที่ยว ""สายมูเตลู""","","2022-12-20 11:06:21",565,"2022-12-23 04:15:54",484,NULL,NULL
606,182,"ชมพิพิธภัณฑ์ชั้นยอดในรูปแบบ Virtual Tours","","2022-12-24 12:36:27",588,"2022-12-24 12:36:27",588,NULL,NULL
608,182,"อียิปต์จัด ""ขบวนเสด็จทองคำ"" ย้ายมัมมี่ฟาโรห์-ราชินี 22 พระองค์เข้าพิพิธภัณฑ์แห่งใหม่","","2022-12-24 12:39:47",588,"2022-12-24 12:39:47",588,NULL,NULL
609,182,"ไปเกาหลีต้องลงทะเบียน K-eta","","2022-12-24 12:49:51",588,"2022-12-24 12:49:51",588,NULL,NULL
610,75,"1 ปี มี 1 ครั้ง ยามากุจิ : งานประดับไฟ TOKIWA FANTASIA 2022","","2022-12-27 03:56:26",263,"2022-12-30 02:49:53",263,NULL,NULL
611,75,"ยามากุจิ ศาลเจ้าโมะโตะโนะซุมิอินาริ : ศาลเจ้าริมทะเล เมืองนากาโตะ ที่มีประตูโทริแดงถึง 123 อัน","","2023-01-04 09:47:57",263,"2023-01-10 05:19:13",263,NULL,NULL
612,75,"ชิโมโนะเซกิ จังหวัดยามากุ : ลองมาชิม ซูชิ ตลาดปลา (Karato Market)","","2023-01-06 03:24:47",263,"2023-01-09 09:56:01",263,NULL,NULL
613,75,"รีวิว บ่อน้ำเบปปุเบนเท็น เมืองมิเนะ จังหวัดยามากุจิ หนึ่งใน 100 บ่อน้ำที่มีชื่อเสียงที่สุดในญี่ปุ่น","","2023-01-06 07:51:45",263,"2023-01-09 02:47:40",263,NULL,NULL
614,75,"Nagato Yumoto Onsen : นากาโตะ ยูโมโตะ ออนเซ็น","","2023-01-10 15:01:36",263,"2023-01-10 15:01:36",263,NULL,NULL
615,145,"33 ประเทศเที่ยวได้ไม่ต้องขอวีซ่า","","2023-01-30 11:09:38",477,"2023-01-30 11:09:38",477,NULL,NULL
616,145,"","","2023-02-03 11:56:44",477,"2023-02-03 11:57:53",477,NULL,NULL
